frame,timestamp_s,brightness,saturation,edge_density,top_edge_density,bottom_edge_density,histogram_change,motion_score,scene_cut
0,0.0,101.3965,148.3849,0.037593,0.037747,0.025335,0.0,0.0,0
1,0.0333,101.5706,148.065,0.036005,0.036872,0.025103,0.01746,0.962019,0
2,0.0667,101.5921,147.8953,0.036085,0.036853,0.025084,0.017719,1.707901,0
3,0.1,101.7758,147.4092,0.035456,0.03668,0.025734,0.020037,1.466349,0
4,0.1333,101.5622,147.3268,0.035256,0.036724,0.024606,0.021409,1.646188,0
5,0.1667,101.685,146.6768,0.034494,0.036467,0.024862,0.024412,1.612433,0
6,0.2,101.5691,146.4275,0.036029,0.035933,0.024847,0.024705,1.397989,0
7,0.2333,101.645,145.7957,0.035949,0.035859,0.023276,0.023405,2.252195,0
8,0.2667,101.5203,145.621,0.037051,0.035943,0.024473,0.024621,2.058903,0
9,0.3,101.5973,144.7689,0.036842,0.035345,0.023715,0.018858,1.71025,0
10,0.3333,101.6483,143.39,0.038649,0.03538,0.025862,0.02303,2.167388,0
11,0.3667,101.6358,142.9198,0.03858,0.035162,0.026822,0.017753,1.604197,0
12,0.4,101.7808,142.3475,0.037967,0.034411,0.028817,0.018587,1.616004,0
13,0.4333,101.6285,144.3988,0.033239,0.036136,0.022143,0.071254,3.003752,0
14,0.4667,102.4762,144.602,0.028728,0.032414,0.021843,0.052298,3.426211,0
15,0.5,103.6971,142.694,0.028639,0.034055,0.018937,0.05585,3.08679,0
16,0.5333,103.9905,142.2669,0.029728,0.035854,0.019134,0.041733,1.747945,0
17,0.5667,104.3868,142.4081,0.029492,0.03531,0.019198,0.02938,0.973953,0
18,0.6,104.6791,142.3774,0.028962,0.03577,0.018287,0.02883,1.25794,0
19,0.6333,103.1667,143.8831,0.029572,0.036566,0.019454,0.037413,1.646443,0
20,0.6667,102.4536,144.8442,0.029235,0.036526,0.019824,0.028523,1.110848,0
21,0.7,102.0808,145.4145,0.029234,0.03624,0.021198,0.030504,1.082938,0
22,0.7333,101.8591,146.2854,0.028899,0.036917,0.019725,0.0194,0.55862,0
23,0.7667,102.9271,144.4963,0.028647,0.034574,0.019164,0.038122,2.085065,0
24,0.8,104.0023,142.7023,0.029749,0.036091,0.017834,0.031957,2.092431,0
25,0.8333,105.4819,139.9506,0.029855,0.034223,0.019223,0.03147,2.295347,0
26,0.8667,106.2627,138.2925,0.029889,0.034702,0.018755,0.02321,1.305521,0
27,0.9,106.4153,138.1046,0.029961,0.035271,0.017942,0.028715,1.372375,0
28,0.9333,106.4691,137.9908,0.030344,0.035953,0.017277,0.023454,1.82039,0
29,0.9667,106.9398,137.4908,0.030332,0.034613,0.016524,0.019684,1.414621,0
30,1.0,106.3324,138.558,0.028895,0.03233,0.016529,0.067765,3.468833,0
31,1.0333,107.4898,137.8497,0.029284,0.033032,0.018962,0.060055,3.529244,0
32,1.0667,107.9478,137.9436,0.027753,0.029132,0.01905,0.037715,4.397001,0
33,1.1,108.1748,138.0819,0.026782,0.028341,0.018331,0.0275,2.8215,0
34,1.1333,107.6772,139.1638,0.027141,0.027397,0.020203,0.031504,1.785076,0
35,1.1667,107.3157,140.3791,0.028225,0.028089,0.023045,0.044922,3.220494,0
36,1.2,106.6031,142.0482,0.029422,0.027506,0.024296,0.03437,2.027981,0
37,1.2333,106.2071,143.1263,0.031552,0.028074,0.024675,0.034336,2.267619,0
38,1.2667,106.1244,142.9684,0.031702,0.02846,0.024719,0.026679,0.983349,0
39,1.3,106.0894,142.9052,0.032885,0.028242,0.025763,0.02746,1.372261,0
40,1.3333,106.7444,141.2681,0.032087,0.02849,0.028034,0.0559,3.689904,0
41,1.3667,107.5068,139.7733,0.03063,0.027941,0.027162,0.031036,2.346932,0
42,1.4,108.5186,137.7835,0.030447,0.02804,0.02663,0.03341,2.636785,0
43,1.4333,109.3274,136.1779,0.030455,0.028302,0.026586,0.029058,1.810062,0
44,1.4667,110.1989,134.7297,0.030248,0.028124,0.027088,0.026587,1.171764,0
45,1.5,111.4441,132.571,0.03077,0.027387,0.028103,0.026453,0.983667,0
46,1.5333,111.8134,131.8945,0.030414,0.027229,0.027389,0.020068,0.276512,0
47,1.5667,111.9086,131.6666,0.031098,0.02715,0.027881,0.016636,0.382286,0
48,1.6,111.8431,131.6298,0.031033,0.027145,0.028423,0.016681,0.674075,0
49,1.6333,111.5999,132.05,0.031176,0.027224,0.028674,0.014537,0.600958,0
50,1.6667,110.8821,133.4112,0.033229,0.02755,0.029364,0.016491,0.619247,0
51,1.7,110.4752,134.1047,0.032489,0.02806,0.029108,0.021152,0.506177,0
52,1.7333,109.7263,135.5062,0.033631,0.028776,0.029832,0.018746,0.68966,0
53,1.7667,108.9305,136.947,0.03303,0.028391,0.030413,0.031691,0.89469,0
54,1.8,107.9892,138.9346,0.034754,0.028826,0.031619,0.026826,1.037287,0
55,1.8333,106.7705,141.2404,0.03635,0.029112,0.03159,0.036351,2.721541,0
56,1.8667,106.151,142.9041,0.038671,0.028173,0.030551,0.035571,2.268563,0
57,1.9,106.0912,143.1317,0.038467,0.029448,0.028866,0.032024,1.301309,0
58,1.9333,106.1213,142.944,0.039186,0.02891,0.029103,0.02575,1.903819,0
59,1.9667,106.2687,142.4265,0.038494,0.028667,0.0296,0.024128,2.135939,0
60,2.0,106.0342,142.4155,0.039544,0.028282,0.029649,0.022566,2.981441,0
61,2.0333,106.0917,142.1967,0.038812,0.027971,0.030383,0.027728,1.769935,0
62,2.0667,105.9897,142.0209,0.040033,0.02799,0.030398,0.031708,1.978583,0
63,2.1,106.2457,141.1699,0.039231,0.028094,0.031196,0.033841,2.373998,0
64,2.1333,106.6453,140.1779,0.037719,0.027862,0.029772,0.025237,1.894452,0
65,2.1667,106.8607,136.3981,0.037135,0.029671,0.028246,0.084941,3.012144,0
66,2.2,105.9873,134.741,0.037508,0.029463,0.029383,0.04479,2.130509,0
67,2.2333,105.7878,133.3726,0.038095,0.029532,0.03056,0.034603,1.427277,0
68,2.2667,106.3338,132.3141,0.03755,0.029335,0.028817,0.025601,2.23037,0
69,2.3,107.0399,131.907,0.035572,0.028672,0.028526,0.029565,2.177126,0
70,2.3333,107.9115,131.9455,0.034342,0.02931,0.028004,0.054974,2.996522,0
71,2.3667,107.9579,131.7358,0.034168,0.03018,0.027497,0.04185,4.209567,0
72,2.4,105.8381,134.7852,0.03259,0.032295,0.026606,0.05482,4.940443,0
73,2.4333,101.7558,141.0431,0.03387,0.032552,0.026138,0.066808,3.996722,0
74,2.4667,99.9818,143.4856,0.031233,0.031598,0.02598,0.069042,3.943451,0
75,2.5,101.1623,142.4358,0.031039,0.030763,0.024104,0.059791,2.298492,0
76,2.5333,103.7816,138.9279,0.030162,0.030175,0.022931,0.063249,3.086453,0
77,2.5667,105.5266,137.2933,0.030005,0.030649,0.022759,0.039546,3.12536,0
78,2.6,106.3351,137.8025,0.030039,0.031682,0.021956,0.075338,4.010089,0
79,2.6333,105.3042,140.7805,0.031139,0.034119,0.024704,0.047236,3.943733,0
80,2.6667,105.4085,140.6334,0.031812,0.034757,0.024,0.053352,3.522587,0
81,2.7,105.501,141.0169,0.033638,0.035958,0.023705,0.044282,4.229218,0
82,2.7333,106.1179,140.2958,0.03463,0.034935,0.02598,0.036061,2.052967,0
83,2.7667,106.5371,140.1283,0.036536,0.034584,0.0283,0.029601,1.920489,0
84,2.8,107.1451,139.1797,0.039058,0.033521,0.031132,0.032934,1.686158,0
85,2.8333,107.5938,138.6876,0.040446,0.034065,0.031821,0.022416,1.272692,0
86,2.8667,108.0025,138.2665,0.042684,0.033664,0.032905,0.027397,1.229149,0
87,2.9,107.8057,138.7419,0.044972,0.033882,0.032442,0.017274,1.086793,0
88,2.9333,108.1406,138.3547,0.046233,0.034129,0.033279,0.021451,1.169664,0
89,2.9667,107.9487,138.9855,0.048198,0.035068,0.032599,0.016069,0.961562,0
90,3.0,108.3411,138.5252,0.049364,0.034861,0.035668,0.025359,1.232163,0
91,3.0333,108.4288,138.7242,0.052189,0.035404,0.035471,0.020888,1.001978,0
92,3.0667,108.4667,138.8105,0.052273,0.035187,0.035993,0.020639,0.807484,0
93,3.1,108.3098,139.0718,0.054456,0.035819,0.035579,0.018305,0.979035,0
94,3.1333,108.2224,139.2213,0.054036,0.035844,0.035249,0.019356,0.956113,0
95,3.1667,108.226,139.314,0.055023,0.036121,0.035949,0.019924,0.963362,0
96,3.2,108.4154,139.1492,0.056809,0.036764,0.037278,0.022012,1.005806,0
97,3.2333,108.6409,138.7429,0.056727,0.036764,0.03784,0.023184,0.998196,0
98,3.2667,108.633,138.9591,0.058841,0.036818,0.037879,0.019291,1.141975,0
99,3.3,108.8335,138.647,0.058382,0.036917,0.038322,0.01787,0.798514,0
100,3.3333,108.8513,138.6597,0.058464,0.037248,0.037658,0.015495,0.841932,0
101,3.3667,108.8442,138.7731,0.057862,0.036951,0.038268,0.019721,0.916866,0
102,3.4,109.0029,138.4285,0.056826,0.036951,0.038426,0.020173,0.905846,0
103,3.4333,109.2254,138.0356,0.057941,0.037693,0.03915,0.020698,1.177999,0
104,3.4667,109.1438,138.1574,0.058266,0.037727,0.039736,0.016431,0.699256,0
105,3.5,109.3575,137.8033,0.056492,0.038019,0.039219,0.020601,0.905411,0
106,3.5333,109.3901,137.8297,0.057438,0.038192,0.039347,0.020593,0.981539,0
107,3.5667,109.1827,138.2701,0.058394,0.038395,0.040258,0.016924,0.767168,0
108,3.6,109.2917,137.9403,0.057985,0.038108,0.040189,0.024163,1.012786,0
109,3.6333,109.0896,138.078,0.059399,0.038419,0.041371,0.019333,1.002808,0
110,3.6667,109.2796,137.5375,0.058789,0.038049,0.040849,0.017896,0.706923,0
111,3.7,109.1346,137.8376,0.060691,0.038167,0.040169,0.016224,0.536126,0
112,3.7333,109.258,137.7395,0.060807,0.03796,0.041036,0.015058,0.767555,0
113,3.7667,109.3873,137.5928,0.061642,0.038044,0.040539,0.016977,0.716161,0
114,3.8,109.3762,137.4819,0.063193,0.038479,0.040184,0.017931,0.808529,0
115,3.8333,109.6715,136.8441,0.063189,0.038469,0.040943,0.017717,0.786025,0
116,3.8667,109.7843,136.6177,0.061875,0.03835,0.040874,0.019437,0.835072,0
117,3.9,109.731,136.7242,0.062594,0.037984,0.040943,0.016486,0.706672,0
118,3.9333,109.8481,136.5665,0.062142,0.038414,0.040312,0.014509,0.755642,0
119,3.9667,109.8608,136.5822,0.060719,0.038711,0.040307,0.017819,0.829881,0
120,4.0,109.7577,136.7287,0.061221,0.037989,0.03981,0.020794,1.259213,0
121,4.0333,113.4101,130.4272,0.026351,0.031875,0.018307,0.436946,2.953684,1
122,4.0667,113.321,129.7788,0.027321,0.03316,0.018543,0.029743,4.127583,0
123,4.1,112.7382,130.1716,0.030901,0.035221,0.019252,0.037639,3.732939,0
124,4.1333,112.6639,130.2565,0.031424,0.035315,0.019395,0.014299,0.37621,0
125,4.1667,112.6491,130.2574,0.031531,0.035404,0.01941,0.008351,0.109818,0
126,4.2,112.6408,130.2345,0.031787,0.035434,0.01944,0.006826,3.949359,0
127,4.2333,112.6195,130.2368,0.03202,0.035454,0.01944,0.006581,3.950672,0
128,4.2667,112.6691,130.1233,0.03244,0.035444,0.019469,0.007355,0.127844,0
129,4.3,112.8217,129.7071,0.033942,0.035562,0.019292,0.016043,2.007926,0
130,4.3333,112.9313,129.1173,0.034838,0.035632,0.019627,0.01818,3.469409,0
131,4.3667,113.1269,128.27,0.036998,0.035671,0.020952,0.019588,6.864906,0
132,4.4,113.1281,128.2597,0.037017,0.035671,0.020947,0.003285,2.4989,0
133,4.4333,113.3679,128.4231,0.036823,0.035676,0.020942,0.013762,0.031192,0
134,4.4667,113.3908,128.4029,0.036916,0.035676,0.020947,0.004673,2.494339,0
135,4.5,117.5252,131.1404,0.032744,0.024076,0.020996,0.12856,8.238987,0
136,4.5333,117.882,131.1308,0.032597,0.023295,0.020927,0.021872,3.821079,0
137,4.5667,118.1635,131.0816,0.032183,0.022687,0.02107,0.022234,4.488146,0
138,4.6,118.6088,131.0419,0.032054,0.022034,0.02108,0.024184,3.754216,0
139,4.6333,118.3738,131.0901,0.030608,0.015218,0.021089,0.029671,6.768146,0
140,4.6667,114.9662,131.1305,0.035367,0.022351,0.036505,0.110908,6.281847,0
141,4.7,111.8746,130.6997,0.036822,0.025227,0.033225,0.080664,0.894525,0
142,4.7333,110.9188,130.1212,0.03672,0.024743,0.031462,0.032701,0.271115,0
143,4.7667,111.0099,130.0054,0.037805,0.03187,0.031166,0.037493,0.257809,0
144,4.8,111.0541,129.9266,0.036903,0.028806,0.031526,0.037274,0.161943,0
145,4.8333,111.0242,130.0668,0.037376,0.031386,0.030984,0.03486,0.077254,0
146,4.8667,110.9952,129.8717,0.037488,0.031702,0.028502,0.033365,0.107419,0
147,4.9,110.9946,129.8229,0.037453,0.031524,0.029556,0.032641,0.07927,0
148,4.9333,111.0426,129.7812,0.037389,0.031366,0.02961,0.025322,0.029394,0
149,4.9667,111.021,129.8174,0.037418,0.031509,0.029605,0.025242,0.021039,0
150,5.0,115.9112,122.5029,0.032547,0.026982,0.028645,0.074706,3.885297,0
151,5.0333,117.3691,120.5694,0.029782,0.024165,0.028132,0.038487,3.299089,0
152,5.0667,118.7148,118.4793,0.030088,0.024011,0.028384,0.049106,3.974421,0
153,5.1,118.7174,118.5128,0.030029,0.024011,0.028384,0.008376,0.031694,0
154,5.1333,118.6991,118.4872,0.029988,0.023962,0.028384,0.006942,3.177827,0
155,5.1667,118.7029,118.5384,0.030011,0.023977,0.028467,0.005009,0.014217,0
156,5.2,118.2708,119.2294,0.030636,0.023987,0.028955,0.018922,4.437257,0
157,5.2333,118.2677,119.254,0.030651,0.024046,0.028901,0.005668,4.192996,0
158,5.2667,118.2652,119.2578,0.030497,0.024046,0.028925,0.00361,4.19133,0
159,5.3,118.2657,119.2613,0.030452,0.024041,0.028901,0.004067,4.188365,0
160,5.3333,118.2588,119.2679,0.030479,0.024041,0.028901,0.002158,4.192533,0
161,5.3667,118.2592,119.2739,0.03047,0.024066,0.028886,0.004177,4.188378,0
162,5.4,118.26,119.2741,0.030484,0.024066,0.02893,0.002204,4.188661,0
163,5.4333,118.263,119.2977,0.030485,0.024091,0.02893,0.003493,4.19066,0
164,5.4667,113.8186,125.9515,0.031977,0.025682,0.028817,0.071636,8.259356,0
165,5.5,111.2606,129.6621,0.031861,0.027649,0.028137,0.039662,8.004037,0
166,5.5333,108.4997,134.691,0.034888,0.02934,0.029605,0.041155,7.197097,0
167,5.5667,108.1877,135.0094,0.036311,0.02891,0.029684,0.027113,2.565559,0
168,5.6,107.5596,136.0319,0.036974,0.030491,0.029955,0.01953,0.415667,0
169,5.6333,107.562,136.0085,0.036874,0.030531,0.029841,0.00704,0.021731,0
170,5.6667,107.5436,136.0297,0.036978,0.030615,0.029832,0.004385,0.012208,0
171,5.7,107.5318,136.0357,0.036972,0.030541,0.029679,0.006544,0.013645,0
172,5.7333,107.5312,136.0348,0.03715,0.030704,0.029708,0.005453,0.015702,0
173,5.7667,107.5114,136.0563,0.037083,0.030709,0.029777,0.004482,0.012417,0
174,5.8,107.5075,136.0792,0.036933,0.03057,0.029787,0.00498,0.012367,0
175,5.8333,107.4986,136.1036,0.03648,0.030684,0.029733,0.004163,0.011531,0
176,5.8667,107.4799,136.1534,0.036375,0.030714,0.029718,0.005214,0.012968,0
177,5.9,107.4765,136.1668,0.036431,0.030842,0.029807,0.002787,0.011323,0
178,5.9333,107.4803,136.1829,0.036029,0.030872,0.02958,0.0049,0.014047,0
179,5.9667,107.4641,136.2557,0.035626,0.030877,0.02958,0.006427,0.013141,0
180,6.0,107.4524,136.342,0.035543,0.030916,0.029615,0.005836,0.011937,0
181,6.0333,107.447,136.369,0.035527,0.030976,0.0296,0.003163,0.010294,0
182,6.0667,107.4699,136.3403,0.035473,0.030986,0.029497,0.003001,0.013199,0
183,6.1,107.4486,136.373,0.035486,0.030951,0.02958,0.003291,0.00969,0
184,6.1333,107.4474,136.3682,0.035379,0.030916,0.029561,0.003481,0.010899,0
185,6.1667,107.4445,136.3728,0.035553,0.030956,0.029659,0.005112,0.01354,0
186,6.2,107.4446,136.3744,0.035559,0.030961,0.029704,0.003988,0.008458,0
187,6.2333,107.4569,136.3631,0.035507,0.030902,0.029699,0.002646,0.007705,0
188,6.2667,107.4425,136.3864,0.035403,0.030926,0.029694,0.003363,0.009598,0
189,6.3,107.443,136.3931,0.035314,0.030926,0.029827,0.002407,0.009668,0
190,6.3333,107.442,136.401,0.03533,0.030921,0.029822,0.002405,0.008918,0
191,6.3667,107.4414,136.403,0.035323,0.030911,0.029832,0.001109,0.007965,0
192,6.4,107.4393,136.4084,0.03527,0.030857,0.029851,0.001998,0.009793,0
193,6.4333,107.4389,136.4103,0.035182,0.030872,0.029851,0.001194,0.007963,0
194,6.4667,107.4409,136.4192,0.035148,0.030872,0.029856,0.00188,0.008549,0
195,6.5,107.4524,136.4059,0.03515,0.030877,0.029841,0.002284,0.008324,0
196,6.5333,107.4381,136.4344,0.035052,0.030877,0.02993,0.002111,0.008709,0
197,6.5667,107.4398,136.439,0.035111,0.030877,0.029935,0.001178,0.008845,0
198,6.6,107.4389,136.4463,0.035069,0.030897,0.029886,0.001928,0.008739,0
199,6.6333,107.4379,136.4481,0.035114,0.030897,0.030048,0.001205,0.00881,0
200,6.6667,107.4386,136.4467,0.035038,0.030897,0.030053,0.001761,0.008761,0
201,6.7,107.4365,136.4573,0.034893,0.030906,0.030043,0.002217,0.012256,0
202,6.7333,107.4372,136.454,0.034951,0.030902,0.030043,0.002589,0.009322,0
203,6.7667,107.4365,136.4674,0.034996,0.03102,0.030063,0.002229,0.009461,0
204,6.8,107.4346,136.4771,0.03505,0.030981,0.030083,0.002561,0.007958,0
205,6.8333,107.4327,136.4832,0.035058,0.030976,0.030098,0.002465,0.008322,0
206,6.8667,107.4304,136.4936,0.035112,0.030991,0.030098,0.00119,0.00655,0
207,6.9,107.4301,136.4939,0.035066,0.030991,0.030098,0.000398,0.007267,0
208,6.9333,107.4278,136.5023,0.035028,0.030976,0.030117,0.000868,0.008018,0
209,6.9667,107.4274,136.5027,0.035024,0.030981,0.030107,0.000736,0.006802,0
210,7.0,107.4372,136.4924,0.034997,0.030976,0.030093,0.000733,0.006103,0
211,7.0333,107.4234,136.5111,0.0351,0.03102,0.030098,0.001161,0.008311,0
212,7.0667,107.4228,136.5147,0.035068,0.031065,0.030098,0.000837,0.008828,0
213,7.1,107.432,136.5032,0.035022,0.031079,0.030098,0.001161,0.007769,0
214,7.1333,107.4206,136.5239,0.034941,0.031075,0.02996,0.001264,0.008137,0
215,7.1667,107.4166,136.5336,0.034941,0.031094,0.030004,0.001196,0.00741,0
216,7.2,107.4168,136.5351,0.034992,0.031089,0.030029,0.000691,0.006817,0
217,7.2333,107.4182,136.5449,0.034987,0.031094,0.030029,0.001255,0.00796,0
218,7.2667,107.4187,136.5448,0.03497,0.031075,0.030029,0.00079,0.006783,0
219,7.3,107.4186,136.5484,0.034949,0.031075,0.030029,0.001802,0.007266,0
220,7.3333,107.4182,136.5506,0.034837,0.031075,0.030029,0.000478,0.00661,0
221,7.3667,107.4173,136.5578,0.034831,0.031075,0.030029,0.001709,0.012151,0
222,7.4,107.417,136.5583,0.034788,0.031075,0.030029,0.000519,0.007073,0
223,7.4333,107.4172,136.5579,0.034789,0.031075,0.030029,0.000244,0.0053,0
224,7.4667,107.4192,136.5532,0.034789,0.031075,0.030029,0.000431,0.007536,0
225,7.5,107.4194,136.5531,0.034787,0.031075,0.030029,0.000233,0.006607,0
226,7.5333,107.4198,136.5515,0.034798,0.031075,0.030024,0.000478,0.006013,0
227,7.5667,107.4227,136.5478,0.034766,0.03107,0.030024,0.000357,0.006791,0
228,7.6,107.419,136.5537,0.034767,0.031065,0.030024,0.000504,0.005688,0
229,7.6333,107.4182,136.5578,0.034769,0.031065,0.030024,0.000592,0.00775,0
230,7.6667,107.4176,136.5595,0.034768,0.031065,0.030024,0.000348,0.008306,0
231,7.7,107.4169,136.561,0.034768,0.031065,0.030024,0.000126,0.006861,0
232,7.7333,107.4168,136.5612,0.034768,0.031065,0.030024,0.000238,0.008596,0
233,7.7667,107.4158,136.5616,0.034768,0.031065,0.030024,0.000558,0.006506,0
234,7.8,107.4156,136.5616,0.034768,0.031065,0.030024,0.000167,0.009588,0
235,7.8333,107.416,136.5618,0.034769,0.03107,0.030024,0.000935,0.005981,0
236,7.8667,107.4158,136.5627,0.034768,0.031065,0.030024,0.000852,0.005977,0
237,7.9,107.4146,136.6042,0.034768,0.031065,0.030024,0.0029,0.007284,0
238,7.9333,106.3505,139.5165,0.031711,0.026542,0.026384,0.080126,7.084767,0
239,7.9667,106.5798,139.315,0.032118,0.026438,0.026202,0.030989,3.904988,0
240,8.0,107.317,138.8811,0.030087,0.025628,0.025946,0.053836,4.512239,0
241,8.0333,107.301,139.055,0.030834,0.025618,0.026103,0.041191,4.359876,0
242,8.0667,107.3155,138.9916,0.031428,0.026038,0.02602,0.023853,1.694275,0
243,8.1,107.108,139.3084,0.031528,0.026023,0.026044,0.016077,1.541702,0
244,8.1333,106.9026,139.4947,0.031324,0.026226,0.025877,0.025511,2.004108,0
245,8.1667,106.8479,139.5193,0.031847,0.026285,0.025877,0.017033,2.091993,0
246,8.2,106.5582,139.9443,0.032401,0.026641,0.026,0.015272,1.57665,0
247,8.2333,106.4501,140.0741,0.031973,0.026834,0.02598,0.017304,2.547375,0
248,8.2667,106.2453,140.426,0.031079,0.027185,0.025877,0.018984,0.817906,0
249,8.3,105.8501,141.0986,0.032547,0.027961,0.026034,0.017928,0.828819,0
250,8.3333,105.4787,141.8426,0.032,0.028499,0.025837,0.021085,2.253668,0
251,8.3667,105.0496,142.9386,0.031811,0.02757,0.025561,0.030396,4.15237,0
252,8.4,105.0362,143.2863,0.03049,0.025801,0.025635,0.025791,4.105077,0
253,8.4333,104.7042,144.0086,0.032754,0.027101,0.025335,0.025705,3.918926,0
254,8.4667,104.7538,143.817,0.032407,0.026977,0.02565,0.01828,1.745118,0
255,8.5,104.8481,143.2787,0.035387,0.028317,0.026345,0.020297,2.739152,0
256,8.5333,104.8676,143.1336,0.036416,0.028559,0.026561,0.014642,0.825064,0
257,8.5667,104.8643,143.1482,0.036485,0.028613,0.026763,0.005611,0.020475,0
258,8.6,104.8641,143.1433,0.036607,0.028598,0.026763,0.006468,0.012886,0
259,8.6333,104.8574,143.1517,0.036576,0.028658,0.026837,0.004005,0.019281,0
260,8.6667,104.8514,143.1607,0.036389,0.028628,0.026714,0.005421,0.019098,0
261,8.7,104.8492,143.1629,0.036243,0.028578,0.026704,0.003964,0.01622,0
262,8.7333,104.8456,143.157,0.03615,0.028633,0.026601,0.004757,0.00937,0
263,8.7667,104.8477,143.1421,0.036025,0.028564,0.026537,0.003641,0.017774,0
264,8.8,104.8426,143.1633,0.035934,0.028593,0.026606,0.005513,0.015001,0
265,8.8333,105.1521,142.7045,0.036418,0.027026,0.026842,0.017753,0.263287,0
266,8.8667,105.1499,142.7092,0.036418,0.027026,0.026842,0.003671,0.01231,0
267,8.9,105.142,142.7176,0.03624,0.027036,0.026827,0.003453,0.013559,0
268,8.9333,105.1368,142.7353,0.036041,0.027036,0.026916,0.004842,0.008403,0
269,8.9667,105.1609,142.6999,0.035902,0.027031,0.026916,0.003837,0.010864,0
270,9.0,105.1089,142.7974,0.035625,0.027036,0.027009,0.005585,0.013789,0
271,9.0333,105.0994,142.8311,0.035369,0.027046,0.026867,0.003236,0.012969,0
272,9.0667,105.0931,142.8407,0.035439,0.027066,0.026876,0.00296,0.014409,0
273,9.1,105.0861,142.8539,0.035315,0.027066,0.026862,0.004134,0.010418,0
274,9.1333,105.0968,142.8331,0.034938,0.027076,0.026862,0.005116,0.018097,0
275,9.1667,105.0553,142.905,0.034787,0.027106,0.026872,0.008832,0.025369,0
276,9.2,105.0172,143.0056,0.034526,0.027199,0.026798,0.006136,0.020083,0
277,9.2333,104.9506,143.1287,0.034507,0.02716,0.026857,0.00592,0.028196,0
278,9.2667,104.9682,143.1218,0.034198,0.027155,0.026803,0.004673,0.021918,0
279,9.3,104.9147,143.2087,0.034175,0.027145,0.026842,0.00526,0.019063,0
280,9.3333,104.8316,143.3753,0.034058,0.02714,0.026793,0.004756,0.031885,0
281,9.3667,104.8155,143.4166,0.033949,0.027051,0.026847,0.005189,0.032181,0
282,9.4,104.814,143.3862,0.03376,0.027026,0.026852,0.005915,0.079212,0
283,9.4333,104.8542,143.2969,0.033785,0.027012,0.026852,0.004921,0.077449,0
284,9.4667,104.8616,143.2302,0.033792,0.027022,0.026842,0.005491,0.084916,0
285,9.5,104.9018,143.1005,0.033746,0.026982,0.026842,0.005639,0.082829,0
286,9.5333,104.9563,142.9924,0.033789,0.026987,0.026842,0.005547,0.084,0
287,9.5667,105.0331,142.8611,0.033873,0.026928,0.026842,0.004627,0.091956,0
288,9.6,105.0516,142.8194,0.033831,0.026967,0.026842,0.004112,0.103326,0
289,9.6333,105.0218,142.9135,0.033777,0.026938,0.026827,0.006834,0.12639,0
290,9.6667,105.0176,142.9319,0.033819,0.026942,0.026832,0.00422,0.045206,0
291,9.7,104.5411,142.9605,0.03406,0.026928,0.026793,0.011015,0.095442,0
292,9.7333,104.3987,142.9795,0.034125,0.027012,0.026793,0.012338,0.054695,0
293,9.7667,104.1228,143.0203,0.03424,0.027007,0.026793,0.020339,0.090075,0
294,9.8,103.9347,142.966,0.034311,0.027012,0.026793,0.021679,0.029871,0
295,9.8333,103.8316,142.9281,0.03424,0.027012,0.026793,0.017076,0.014696,0
296,9.8667,103.7844,142.9124,0.034133,0.027012,0.026793,0.007776,0.013053,0
297,9.9,103.7816,142.9092,0.034128,0.027012,0.026793,0.002858,0.013909,0
298,9.9333,103.8101,143.4298,0.032491,0.023947,0.026709,0.026347,0.290633,0
299,9.9667,105.2661,147.026,0.027271,0.026508,0.024059,0.140565,2.609087,0
300,10.0,105.9811,147.8456,0.02323,0.026473,0.007796,0.065014,2.447459,0
301,10.0333,104.295,150.4344,0.022798,0.027807,0.009116,0.061312,13.04862,0
302,10.0667,103.4002,150.8394,0.023946,0.032147,0.011146,0.052297,18.999279,0
303,10.1,103.6868,149.6783,0.024657,0.034001,0.013623,0.033778,5.205753,0
304,10.1333,104.3092,147.2814,0.024145,0.035582,0.016411,0.060127,4.862944,0
305,10.1667,107.4381,140.1403,0.02738,0.035918,0.018745,0.088622,4.515254,0
306,10.2,110.974,131.2708,0.026889,0.032543,0.018159,0.054879,2.768886,0
307,10.2333,114.5003,125.9003,0.026163,0.03232,0.018908,0.069552,3.993677,0
308,10.2667,118.4623,121.4019,0.025549,0.034505,0.019425,0.080285,4.627395,0
309,10.3,122.8336,118.8585,0.021918,0.031895,0.015982,0.09204,4.263113,0
310,10.3333,127.0826,115.9107,0.018706,0.030224,0.017612,0.092557,5.186577,0
311,10.3667,130.1528,115.1145,0.01511,0.026853,0.012943,0.094549,2.947315,0
312,10.4,134.0834,109.8094,0.012154,0.026596,0.007575,0.127823,3.807519,0
313,10.4333,137.9508,95.2379,0.014192,0.030748,0.009998,0.202772,6.760105,0
314,10.4667,138.7334,91.3458,0.013966,0.031475,0.011224,0.077387,3.062025,0
315,10.5,138.7343,91.2877,0.013828,0.030847,0.011229,0.006827,0.044156,0
316,10.5333,138.7466,91.313,0.014219,0.031603,0.011761,0.016351,0.137482,0
317,10.5667,138.7454,91.289,0.014232,0.031584,0.011761,0.009542,0.075517,0
318,10.6,138.752,91.3018,0.014353,0.031,0.012278,0.009247,0.204382,0
319,10.6333,138.7532,91.3143,0.014448,0.031164,0.012525,0.008042,0.322051,0
320,10.6667,138.753,91.3436,0.014232,0.030743,0.012131,0.013895,0.251174,0
321,10.7,138.7583,91.345,0.014395,0.031104,0.012579,0.011706,0.104932,0
322,10.7333,138.7686,91.3635,0.014433,0.030981,0.01251,0.01184,0.086845,0
323,10.7667,138.7778,91.3541,0.014497,0.031075,0.012466,0.008811,0.091246,0
324,10.8,138.7788,91.3764,0.01444,0.030892,0.012283,0.009352,0.030758,0
325,10.8333,138.7964,91.3776,0.014453,0.031089,0.012273,0.007757,0.084746,0
326,10.8667,138.7944,91.3989,0.014448,0.030897,0.012283,0.007752,0.229477,0
327,10.9,138.8069,91.3939,0.014449,0.030941,0.01217,0.004995,0.238576,0
328,10.9333,138.8006,91.4521,0.014383,0.030659,0.012091,0.006395,0.034691,0
329,10.9667,138.8083,91.4585,0.014399,0.030729,0.012096,0.003231,0.07027,0
330,11.0,125.4105,74.1237,0.032084,0.027407,0.006432,0.23875,9.186053,0
331,11.0333,125.4449,74.1219,0.032233,0.027407,0.006432,0.003121,0.025291,0
332,11.0667,125.5028,74.1026,0.032255,0.027417,0.006408,0.008994,0.050282,0
333,11.1,125.5126,74.1222,0.032249,0.027422,0.006408,0.00672,0.030452,0
334,11.1333,125.3923,74.1207,0.031788,0.027442,0.006403,0.008402,0.033201,0
335,11.1667,125.4084,74.0962,0.031793,0.027447,0.00625,0.006253,0.02802,0
336,11.2,125.4392,74.1331,0.031854,0.027382,0.006083,0.008722,0.029174,0
337,11.2333,125.4604,74.0935,0.031822,0.027323,0.006073,0.018264,0.023467,0
338,11.2667,125.3779,74.1224,0.031826,0.027259,0.006073,0.012038,0.029857,0
339,11.3,125.3915,74.0934,0.031812,0.027254,0.006063,0.006749,0.018596,0
340,11.3333,125.4144,74.122,0.032151,0.027244,0.005866,0.008198,0.033948,0
341,11.3667,125.4341,74.1004,0.032202,0.027328,0.005881,0.005936,0.030788,0
342,11.4,125.4411,74.1144,0.032333,0.027343,0.00589,0.00954,0.037747,0
343,11.4333,125.4647,74.1163,0.032472,0.027387,0.005886,0.004126,0.039888,0
344,11.4667,125.5122,74.0926,0.032534,0.027392,0.005836,0.007311,0.036748,0
345,11.5,125.4331,74.1234,0.032011,0.027328,0.005718,0.008076,0.03969,0
346,11.5333,125.4625,74.0918,0.032378,0.027284,0.005723,0.004538,0.03635,0
347,11.5667,125.4882,74.0844,0.032438,0.027303,0.005718,0.004102,0.027113,0
348,11.6,125.4807,74.0933,0.032433,0.027313,0.005698,0.001988,0.025186,0
349,11.6333,125.5076,74.1059,0.032559,0.027333,0.005728,0.004899,0.046522,0
350,11.6667,125.5204,74.1246,0.03247,0.027308,0.005748,0.003533,0.04104,0
351,11.7,125.5203,74.129,0.032563,0.027303,0.005777,0.002663,0.027273,0
352,11.7333,125.5203,74.1671,0.032643,0.027333,0.005767,0.009918,0.016981,0
353,11.7667,125.5044,74.2203,0.032837,0.027338,0.005743,0.009172,0.062782,0
354,11.8,125.5392,74.2256,0.032964,0.027377,0.005753,0.004557,0.048588,0
355,11.8333,125.551,74.2203,0.032979,0.027377,0.005753,0.003283,0.02213,0
356,11.8667,125.5525,74.2288,0.032946,0.027377,0.005753,0.003313,0.014713,0
357,11.9,125.541,74.2248,0.033021,0.027377,0.005753,0.003054,0.017746,0
358,11.9333,125.5354,74.2275,0.033062,0.027372,0.005757,0.004175,0.022924,0
359,11.9667,125.5045,74.2635,0.032913,0.027348,0.005757,0.008265,0.028177,0
360,12.0,125.5447,74.2575,0.032952,0.027348,0.005841,0.00698,0.037639,0
361,12.0333,125.5496,74.2732,0.03305,0.027313,0.005772,0.005322,0.028295,0
362,12.0667,125.5494,74.2642,0.033056,0.027313,0.005772,0.000616,0.013495,0
363,12.1,125.535,74.2679,0.03298,0.027308,0.005777,0.004303,0.025746,0
364,12.1333,125.5286,74.2517,0.032952,0.027303,0.005536,0.004083,0.023695,0
365,12.1667,125.5285,74.2518,0.032952,0.027303,0.005541,0.00023,0.01343,0
366,12.2,125.5285,74.2486,0.032969,0.027303,0.005762,0.001552,0.014325,0
367,12.2333,125.5284,74.2484,0.032979,0.027303,0.005767,0.00033,0.009867,0
368,12.2667,125.5483,74.213,0.032849,0.027313,0.005846,0.005138,0.015175,0
369,12.3,123.7929,79.1098,0.033841,0.027279,0.006092,0.069748,0.109603,0
370,12.3333,123.8667,79.0948,0.033791,0.027279,0.006092,0.020729,0.033532,0
371,12.3667,124.1206,78.4373,0.033863,0.027284,0.006092,0.017084,0.156262,0
372,12.4,124.3489,77.8211,0.033579,0.027279,0.006092,0.021502,0.135777,0
373,12.4333,124.4551,77.5516,0.03376,0.027284,0.006092,0.016184,0.070691,0
374,12.4667,124.5196,77.5594,0.03379,0.027279,0.006092,0.015662,0.029798,0
375,12.5,124.5899,77.6216,0.033637,0.027279,0.006087,0.014403,0.038996,0
376,12.5333,124.6413,77.7399,0.033628,0.027279,0.006087,0.014858,0.049064,0
377,12.5667,124.7095,77.8098,0.033723,0.027279,0.006092,0.016072,0.042123,0
378,12.6,124.7959,77.7842,0.033704,0.027279,0.006092,0.011907,0.028195,0
379,12.6333,124.8614,77.7554,0.033678,0.027279,0.006092,0.012295,0.02733,0
380,12.6667,124.9469,77.6792,0.03365,0.027279,0.006092,0.017104,0.036783,0
381,12.7,125.019,77.6884,0.033734,0.027279,0.006092,0.014573,0.028575,0
382,12.7333,125.0572,77.665,0.033717,0.027279,0.006092,0.011018,0.028286,0
383,12.7667,125.0998,77.652,0.033781,0.027279,0.006092,0.018104,0.027868,0
384,12.8,125.1446,77.6446,0.033794,0.027279,0.006092,0.010536,0.028892,0
385,12.8333,125.1941,77.6351,0.033811,0.027279,0.006092,0.014017,0.029705,0
386,12.8667,125.1982,77.6401,0.03384,0.027288,0.006092,0.016021,0.028452,0
387,12.9,125.2117,77.638,0.03383,0.027279,0.006092,0.012951,0.027572,0
388,12.9333,125.2127,77.6651,0.033812,0.027274,0.006092,0.020237,0.028321,0
389,12.9667,125.2161,77.6768,0.033821,0.027274,0.006087,0.01206,0.028338,0
390,13.0,125.1816,77.6536,0.033825,0.027274,0.006087,0.015025,0.028818,0
391,13.0333,125.1466,77.6503,0.033785,0.027274,0.006087,0.012773,0.028072,0
392,13.0667,125.111,77.6847,0.033791,0.027274,0.006087,0.013493,0.028326,0
393,13.1,125.0573,77.733,0.033796,0.027274,0.006087,0.012179,0.028857,0
394,13.1333,124.9937,77.728,0.033784,0.027274,0.006087,0.02093,0.028871,0
395,13.1667,124.9304,77.72,0.033722,0.027274,0.006087,0.0162,0.028598,0
396,13.2,124.8641,77.7511,0.033732,0.027274,0.006087,0.015351,0.028352,0
397,13.2333,124.7925,77.7333,0.033716,0.027274,0.006087,0.015549,0.027889,0
398,13.2667,124.7208,77.7556,0.033733,0.027274,0.006087,0.018827,0.027627,0
399,13.3,124.6456,77.8123,0.033734,0.027274,0.006087,0.02159,0.02746,0
400,13.3333,124.5464,77.8569,0.03373,0.027274,0.006087,0.023446,0.029792,0
401,13.3667,124.4735,77.8473,0.033683,0.027274,0.006087,0.014277,0.029117,0
402,13.4,124.4341,77.8451,0.033662,0.027274,0.006087,0.016388,0.026564,0
403,13.4333,124.3665,77.8744,0.033738,0.027274,0.006087,0.017633,0.029188,0
404,13.4667,124.3562,77.8897,0.033684,0.027274,0.006087,0.010114,0.025538,0
405,13.5,124.3115,77.8989,0.033681,0.027274,0.006087,0.011701,0.028756,0
406,13.5333,124.2902,77.9064,0.033715,0.027274,0.006087,0.010573,0.02596,0
407,13.5667,124.2579,77.8948,0.033673,0.027274,0.006092,0.011645,0.027847,0
408,13.6,124.2218,77.873,0.033714,0.027274,0.006087,0.020083,0.027288,0
409,13.6333,124.2153,77.8871,0.03369,0.027274,0.006087,0.008937,0.025816,0
410,13.6667,124.2013,77.8914,0.033653,0.027274,0.006097,0.017729,0.026913,0
411,13.7,124.2016,77.8751,0.033704,0.027274,0.006097,0.016724,0.029742,0
412,13.7333,124.2281,77.8715,0.033715,0.027274,0.006087,0.018247,0.029058,0
413,13.7667,124.2425,77.8703,0.033713,0.027274,0.006087,0.010521,0.02687,0
414,13.8,124.2761,77.876,0.033698,0.027274,0.006087,0.014335,0.029215,0
415,13.8333,124.3319,77.8358,0.033689,0.027274,0.006087,0.014744,0.028819,0
416,13.8667,124.3961,77.796,0.03372,0.027274,0.006087,0.014538,0.028124,0
417,13.9,124.4554,77.8011,0.033679,0.027274,0.006087,0.019653,0.028376,0
418,13.9333,124.5371,77.8024,0.033715,0.027274,0.006087,0.013283,0.02833,0
419,13.9667,124.6188,77.7649,0.033722,0.027274,0.006087,0.015877,0.027805,0
420,14.0,124.7285,77.7511,0.033712,0.027274,0.006087,0.018802,0.029141,0
421,14.0333,124.8155,77.7806,0.033711,0.027274,0.006087,0.010724,0.027803,0
422,14.0667,124.8417,77.7568,0.033707,0.027274,0.006087,0.00773,0.026179,0
423,14.1,124.9514,77.733,0.033709,0.027274,0.006087,0.021122,0.029419,0
424,14.1333,85.4431,84.2237,0.028467,0.010301,0.008535,0.244315,6.689015,0
425,14.1667,85.5465,84.3955,0.028546,0.010315,0.008525,0.032266,0.780728,0
426,14.2,85.3124,84.3046,0.028875,0.010315,0.008525,0.036159,0.372612,0
427,14.2333,85.7496,84.1668,0.028465,0.01032,0.008525,0.036615,0.842839,0
428,14.2667,85.438,84.2214,0.028581,0.01033,0.008486,0.032078,0.354613,0
429,14.3,85.5359,84.4208,0.028471,0.010207,0.008496,0.033616,0.486595,0
430,14.3333,85.5164,84.3335,0.028379,0.010251,0.008496,0.031354,0.872976,0
431,14.3667,67.1617,113.6267,0.028162,0.010261,0.008417,0.260535,3.308335,0
432,14.4,57.4534,118.9509,0.027897,0.010281,0.008407,0.346213,1.666326,0
433,14.4333,57.0514,119.3346,0.027704,0.010187,0.008417,0.03597,1.099259,0
434,14.4667,60.5585,118.5511,0.027387,0.010246,0.008432,0.038692,1.009423,0
435,14.5,60.339,118.6189,0.027282,0.010216,0.008437,0.03117,0.395757,0
436,14.5333,60.2959,118.8944,0.027291,0.010296,0.008496,0.037863,1.191121,0
437,14.5667,60.58,118.6451,0.027982,0.010281,0.008491,0.03523,0.315974,0
438,14.6,60.0922,118.7812,0.028391,0.010187,0.008501,0.036493,0.21372,0
439,14.6333,60.2357,118.7262,0.028008,0.010251,0.008491,0.038325,0.185245,0
440,14.6667,59.7565,119.4602,0.027788,0.010305,0.008516,0.034684,0.298278,0
441,14.7,59.6148,119.4043,0.02747,0.010236,0.008506,0.030443,0.34525,0
442,14.7333,59.3941,119.3832,0.027666,0.010271,0.008511,0.027949,0.329505,0
443,14.7667,58.9657,119.3491,0.027804,0.01031,0.008516,0.028921,0.420711,0
444,14.8,59.204,119.0643,0.028286,0.01032,0.00852,0.034868,0.335748,0
445,14.8333,58.5738,119.1605,0.028286,0.010315,0.00852,0.030181,0.213976,0
446,14.8667,58.7647,118.9185,0.028212,0.010216,0.00852,0.033798,0.285235,0
447,14.9,57.9797,119.1127,0.028114,0.010212,0.008525,0.030003,0.466066,0
448,14.9333,57.7577,119.267,0.027619,0.010315,0.008525,0.029262,0.266286,0
449,14.9667,57.9182,118.8124,0.028218,0.010226,0.00852,0.030391,0.179951,0
450,15.0,57.4736,119.0968,0.027839,0.010241,0.008535,0.031676,0.163544,0
451,15.0333,57.4259,119.233,0.027781,0.010256,0.008535,0.035798,0.432784,0
452,15.0667,56.5898,119.5471,0.027899,0.01031,0.00852,0.031631,0.455041,0
453,15.1,56.8442,119.4652,0.027592,0.010246,0.00852,0.034752,0.13194,0
454,15.1333,56.4968,119.3962,0.027976,0.010355,0.00852,0.032103,0.264168,0
455,15.1667,56.3795,119.3434,0.027961,0.010207,0.00853,0.029614,0.389119,0
456,15.2,56.6284,119.155,0.02823,0.010216,0.008496,0.031695,0.209576,0
457,15.2333,56.0646,119.6245,0.027636,0.010187,0.008516,0.035839,0.215316,0
458,15.2667,56.5893,119.4405,0.027975,0.010147,0.008545,0.040602,0.448953,0
459,15.3,56.2494,119.5032,0.027701,0.010177,0.008525,0.033721,0.131836,0
460,15.3333,56.4428,119.4136,0.027863,0.010192,0.008545,0.035677,0.391205,0
461,15.3667,56.3289,119.3727,0.027447,0.010202,0.008545,0.030819,0.209908,0
462,15.4,56.5324,119.4676,0.027331,0.010236,0.008545,0.034005,0.220638,0
463,15.4333,56.6562,119.1746,0.02769,0.010291,0.00856,0.012526,0.179468,0
464,15.4667,56.5852,119.2567,0.027514,0.010276,0.008545,0.013268,0.149799,0
465,15.5,56.3811,119.3999,0.027798,0.010207,0.00856,0.034803,0.204315,0
466,15.5333,56.5918,119.2775,0.027719,0.010256,0.008555,0.033304,0.199481,0
467,15.5667,56.5985,119.3026,0.027709,0.010212,0.008535,0.03791,0.177026,0
468,15.6,56.3909,119.3319,0.028025,0.010202,0.008555,0.042815,0.198179,0
469,15.6333,56.6754,119.2445,0.028079,0.01035,0.008555,0.037019,0.37175,0
470,15.6667,56.5198,119.3332,0.027623,0.01033,0.008555,0.032266,0.219857,0
471,15.7,56.711,119.0663,0.028112,0.01033,0.008555,0.046875,0.260927,0
472,15.7333,56.8783,118.9819,0.028299,0.01037,0.008555,0.035673,0.304714,0
473,15.7667,56.6237,118.9444,0.028129,0.01038,0.00854,0.030768,0.178443,0
474,15.8,57.0167,118.8885,0.02813,0.01037,0.008545,0.033799,0.427729,0
475,15.8333,56.714,118.7194,0.027744,0.01038,0.008545,0.03469,0.289316,0
476,15.8667,57.3305,118.1115,0.028239,0.010404,0.008545,0.049659,0.184555,0
477,15.9,56.9493,118.1589,0.028028,0.010325,0.008545,0.032691,0.177413,0
478,15.9333,57.0544,117.6886,0.028141,0.01032,0.008545,0.028558,0.196884,0
479,15.9667,57.5581,117.4838,0.028015,0.01033,0.00854,0.035539,0.33177,0
480,16.0,56.9852,117.7196,0.027675,0.010325,0.00854,0.034388,0.441489,0
481,16.0333,57.5382,117.5506,0.027777,0.010296,0.00854,0.034792,0.251803,0
482,16.0667,57.1476,117.4372,0.028247,0.01032,0.00854,0.03457,0.233645,0
483,16.1,57.6148,117.2528,0.027956,0.01032,0.008501,0.036015,0.154223,0
484,16.1333,57.2237,117.394,0.027651,0.010365,0.008501,0.029318,0.136006,0
485,16.1667,57.4013,117.3376,0.027734,0.010251,0.008501,0.038889,0.344208,0
486,16.2,57.5033,117.066,0.027957,0.010286,0.008511,0.028642,0.225296,0
487,16.2333,57.429,116.6538,0.028334,0.01033,0.008516,0.02935,0.144727,0
488,16.2667,57.9032,116.1284,0.028365,0.01033,0.008545,0.035476,0.141871,0
489,16.3,57.3888,116.2612,0.028373,0.010355,0.008545,0.035367,0.126793,0
490,16.3333,57.8148,115.9463,0.028253,0.010355,0.008545,0.03475,0.222932,0
491,16.3667,57.4979,116.0162,0.02812,0.01033,0.008535,0.026391,0.252019,0
492,16.4,57.4059,115.7563,0.028109,0.01034,0.00853,0.023551,0.378285,0
493,16.4333,57.9077,115.6198,0.028255,0.010256,0.00853,0.033843,0.341943,0
494,16.4667,57.6734,115.1943,0.028499,0.010325,0.00853,0.036618,0.204054,0
495,16.5,58.1069,114.8949,0.028934,0.010389,0.00853,0.032115,0.160578,0
496,16.5333,57.8836,115.0338,0.028464,0.010399,0.00853,0.029839,0.136485,0
497,16.5667,58.1108,114.8064,0.028619,0.01033,0.00853,0.033249,0.315134,0
498,16.6,58.3217,114.1632,0.028797,0.010315,0.008525,0.039133,0.218406,0
499,16.6333,58.4522,113.9595,0.029205,0.010375,0.00854,0.034485,0.166861,0
500,16.6667,58.7422,113.7857,0.029125,0.01032,0.00854,0.033554,0.218521,0
501,16.7,58.3369,114.132,0.028945,0.010385,0.00854,0.032717,0.335284,0
502,16.7333,58.7748,113.7858,0.02897,0.010271,0.00854,0.043854,0.42979,0
503,16.7667,58.7695,113.7131,0.028874,0.01031,0.00854,0.034554,0.329854,0
504,16.8,58.3148,114.1094,0.028726,0.010276,0.00853,0.035168,0.452068,0
505,16.8333,58.6968,113.8158,0.028365,0.010256,0.00853,0.034682,0.15584,0
506,16.8667,58.4494,113.7632,0.028958,0.010266,0.00853,0.030869,0.137065,0
507,16.9,58.6967,113.6457,0.028779,0.010276,0.00853,0.031066,0.172868,0
508,16.9333,58.3969,114.0106,0.028253,0.010261,0.00853,0.030306,0.203417,0
509,16.9667,58.5685,113.9184,0.028188,0.010241,0.008525,0.031201,0.244914,0
510,17.0,58.5158,113.9987,0.02827,0.010271,0.008525,0.030966,0.242353,0
511,17.0333,58.4099,113.8737,0.028792,0.010266,0.008525,0.028436,0.349986,0
512,17.0667,58.6048,113.9417,0.028839,0.010256,0.008525,0.027313,0.143864,0
513,17.1,58.1968,114.2075,0.028547,0.01033,0.008525,0.028571,0.244365,0
514,17.1333,58.6003,114.0641,0.028685,0.01034,0.008525,0.033747,0.201826,0
515,17.1667,58.139,114.1286,0.028783,0.010291,0.008525,0.030548,0.24936,0
516,17.2,58.5456,113.7514,0.029109,0.010325,0.008525,0.032888,0.205987,0
517,17.2333,58.5696,113.9979,0.028776,0.010345,0.008525,0.017189,0.152562,0
518,17.2667,58.214,113.8831,0.029185,0.010355,0.00854,0.032314,0.284398,0
519,17.3,58.6302,113.8914,0.028817,0.010296,0.00854,0.033197,0.13311,0
520,17.3333,58.1648,114.1115,0.028802,0.010301,0.00854,0.031531,0.403486,0
521,17.3667,58.6411,113.9135,0.028816,0.01036,0.00854,0.029932,0.162225,0
522,17.4,58.2722,113.8093,0.029125,0.01037,0.00855,0.032361,0.236967,0
523,17.4333,58.5111,113.9517,0.028941,0.010301,0.00855,0.032081,0.159228,0
524,17.4667,58.4376,113.8327,0.028835,0.010355,0.00855,0.032204,0.296144,0
525,17.5,58.1984,114.1068,0.028715,0.010355,0.00855,0.026565,0.416726,0
526,17.5333,58.6247,113.9118,0.028675,0.01037,0.00855,0.031335,0.147049,0
527,17.5667,58.3321,113.9541,0.028561,0.01038,0.00855,0.02509,0.126499,0
528,17.6,58.4798,114.0043,0.028503,0.010286,0.00856,0.02873,0.398735,0
529,17.6333,58.5631,113.6051,0.029252,0.01032,0.00856,0.029649,0.206642,0
530,17.6667,58.4589,113.8427,0.028949,0.010325,0.00856,0.027597,0.136181,0
531,17.7,58.6445,113.7527,0.029006,0.010286,0.00856,0.029572,0.414635,0
532,17.7333,58.3444,113.8906,0.029059,0.010301,0.00856,0.029576,0.210596,0
533,17.7667,58.8943,113.264,0.029311,0.010365,0.00856,0.033923,0.146834,0
534,17.8,58.4559,113.4531,0.029614,0.010325,0.00856,0.03367,0.135754,0
535,17.8333,58.8168,113.3864,0.029476,0.010385,0.00855,0.036275,0.11889,0
536,17.8667,58.5126,113.5737,0.029175,0.010414,0.00857,0.03259,0.306441,0
537,17.9,58.5644,113.7048,0.02918,0.010266,0.00857,0.029058,0.191581,0
538,17.9333,58.7775,113.4939,0.029303,0.010271,0.00857,0.029086,0.241826,0
539,17.9667,58.6244,113.5793,0.029125,0.010389,0.00857,0.019751,0.250391,0
540,18.0,58.7442,113.398,0.029329,0.010335,0.008565,0.030449,0.381271,0
541,18.0333,58.7144,113.3477,0.029709,0.010399,0.008575,0.028622,0.146279,0
542,18.0667,58.6546,113.4439,0.029351,0.010385,0.008575,0.029297,0.122395,0
543,18.1,58.7953,113.4381,0.029188,0.01036,0.00856,0.031988,0.42308,0
544,18.1333,58.5474,113.5023,0.029311,0.010419,0.008565,0.028481,0.254349,0
545,18.1667,59.094,112.99,0.029549,0.010399,0.008565,0.033243,0.115074,0
546,18.2,58.7302,113.1042,0.029679,0.01036,0.008565,0.034259,0.141516,0
547,18.2333,59.1162,112.9833,0.02969,0.010389,0.008565,0.034955,0.121731,0
548,18.2667,58.9606,113.0873,0.029545,0.010404,0.008565,0.032919,0.312433,0
549,18.3,58.9844,113.0956,0.029545,0.010355,0.00856,0.031897,0.176831,0
550,18.3333,59.296,112.8298,0.029882,0.01034,0.00856,0.027923,0.188133,0
551,18.3667,59.006,112.8183,0.030128,0.011067,0.00856,0.025888,0.164025,0
552,18.4,59.4219,113.5106,0.029806,0.011165,0.00854,0.04312,0.1395,0
553,18.4333,58.9316,113.6994,0.029482,0.010404,0.008535,0.031961,0.125257,0
554,18.4667,59.255,113.7318,0.029334,0.010325,0.008535,0.032405,0.319162,0
555,18.5,59.0201,113.7964,0.029639,0.010375,0.008535,0.026862,0.193289,0
556,18.5333,59.144,113.6355,0.029799,0.010266,0.008535,0.027373,0.130827,0
557,18.5667,59.3297,113.5449,0.029941,0.010276,0.008535,0.027578,0.134458,0
558,18.6,58.8781,113.7956,0.02947,0.010266,0.008535,0.029266,0.126207,0
559,18.6333,59.3023,113.7945,0.029476,0.010276,0.008535,0.030751,0.175489,0
560,18.6667,59.2781,113.6712,0.029759,0.010301,0.008535,0.017217,0.107887,0
561,18.7,58.768,113.9816,0.029421,0.010241,0.008535,0.028458,0.12276,0
562,18.7333,59.1945,113.8597,0.029441,0.010231,0.008535,0.030144,0.384289,0
563,18.7667,58.7023,113.978,0.029261,0.010246,0.008535,0.027097,0.231708,0
564,18.8,59.1893,113.7406,0.029579,0.010251,0.00854,0.027021,0.17552,0
565,18.8333,58.6161,114.1073,0.02927,0.010355,0.008545,0.031132,0.396506,0
566,18.8667,59.0738,113.9178,0.029374,0.010335,0.008545,0.030635,0.105177,0
567,18.9,58.7291,113.9632,0.029303,0.010345,0.008545,0.030315,0.217066,0
568,18.9333,58.5643,114.5019,0.029259,0.010385,0.00854,0.026534,0.216378,0
569,18.9667,59.1669,114.1386,0.029667,0.010345,0.00855,0.031195,0.17871,0
570,19.0,58.6885,114.2447,0.029681,0.01036,0.00855,0.028725,0.141204,0
571,19.0333,58.9941,114.166,0.029504,0.010296,0.00855,0.03035,0.120321,0
572,19.0667,58.7273,114.5019,0.029244,0.01034,0.008555,0.028508,0.280598,0
573,19.1,58.8453,114.3972,0.029225,0.010256,0.008555,0.026016,0.140671,0
574,19.1333,58.8612,114.1896,0.029652,0.010251,0.008555,0.025767,0.177603,0
575,19.1667,58.7849,114.2095,0.029548,0.010182,0.008555,0.028233,0.1199,0
576,19.2,59.0122,114.2478,0.029421,0.010236,0.00855,0.028126,0.11989,0
577,19.2333,58.5729,114.4866,0.029368,0.010231,0.00855,0.029783,0.121407,0
578,19.2667,58.8556,114.3496,0.029297,0.010236,0.00855,0.032787,0.315374,0
579,19.3,58.581,114.6907,0.029537,0.010236,0.008939,0.040589,0.310919,0
580,19.3333,58.9022,114.4071,0.029676,0.010212,0.00855,0.03925,0.283441,0
581,19.3667,58.778,114.579,0.029628,0.010207,0.00853,0.025754,0.157466,0
582,19.4,58.4931,114.778,0.029873,0.010216,0.00853,0.032082,0.206532,0
583,19.4333,58.7915,115.1657,0.029787,0.010162,0.008525,0.029723,0.19207,0
584,19.4667,58.3357,115.3578,0.029691,0.010167,0.00853,0.031275,0.269846,0
585,19.5,58.8473,114.8666,0.029992,0.010256,0.00853,0.030363,0.168686,0
586,19.5333,58.4294,115.2885,0.029705,0.010108,0.00853,0.027836,0.243376,0
587,19.5667,58.5216,115.2392,0.029654,0.010216,0.00853,0.024785,0.114201,0
588,19.6,58.5244,115.3785,0.029551,0.010246,0.00853,0.019796,0.247585,0
589,19.6333,58.196,115.5111,0.029482,0.010113,0.00853,0.025412,0.193767,0
590,19.6667,58.6168,115.3019,0.029685,0.010147,0.00853,0.028336,0.21584,0
591,19.7,58.1919,115.3209,0.029876,0.010246,0.00854,0.033031,0.329523,0
592,19.7333,58.5199,115.2332,0.029717,0.010221,0.00854,0.030419,0.145769,0
593,19.7667,58.232,115.448,0.029484,0.010221,0.00854,0.025207,0.322167,0
594,19.8,58.2205,115.5541,0.029349,0.010231,0.00854,0.024864,0.307091,0
595,19.8333,58.3137,115.5485,0.0295,0.010202,0.00854,0.024248,0.133765,0
596,19.8667,58.059,115.4434,0.029639,0.010246,0.00854,0.026564,0.217143,0
597,19.9,58.573,115.2846,0.029905,0.010192,0.00854,0.027341,0.12592,0
598,19.9333,57.9335,115.5132,0.029592,0.010192,0.00854,0.029176,0.12605,0
599,19.9667,58.2258,115.6808,0.029606,0.010212,0.00854,0.027847,0.117021,0
600,20.0,57.9908,115.7617,0.029513,0.010266,0.00854,0.025428,0.438618,0
601,20.0333,57.9802,115.762,0.029448,0.010197,0.00854,0.026916,0.192708,0
602,20.0667,58.1853,115.7288,0.029421,0.010231,0.00854,0.024812,0.116965,0
603,20.1,57.8858,115.7097,0.029664,0.010231,0.00854,0.028206,0.242641,0
604,20.1333,58.3315,115.5627,0.029634,0.010221,0.00854,0.028006,0.124325,0
605,20.1667,58.2997,115.4313,0.029851,0.010241,0.00854,0.017819,0.093096,0
606,20.2,57.8646,115.8132,0.029528,0.010221,0.00854,0.028667,0.121624,0
607,20.2333,58.2584,115.7017,0.029472,0.010256,0.00854,0.028543,0.376579,0
608,20.2667,57.712,115.9861,0.029511,0.010187,0.008535,0.030991,0.160196,0
609,20.3,58.2825,115.4889,0.030063,0.010147,0.008535,0.031381,0.124182,0
610,20.3333,57.82,115.7353,0.029796,0.010162,0.00853,0.029209,0.19451,0
611,20.3667,58.0918,115.7156,0.029851,0.010182,0.00853,0.02876,0.110261,0
612,20.4,57.7805,115.9506,0.029646,0.010157,0.00853,0.027315,0.364741,0
613,20.4333,57.9999,115.8391,0.029753,0.010177,0.00853,0.025679,0.365208,0
614,20.4667,58.1065,115.6068,0.0301,0.010182,0.00853,0.021736,0.36987,0
615,20.5,57.8642,115.8237,0.029949,0.010123,0.00853,0.025279,0.147096,0
616,20.5333,58.1963,115.6598,0.029926,0.010152,0.00853,0.025748,0.344624,0
617,20.5667,57.7169,115.9245,0.029776,0.010187,0.00853,0.02808,0.405558,0
618,20.6,58.1013,115.7373,0.030187,0.010202,0.00853,0.029812,0.146612,0
619,20.6333,58.1838,115.7376,0.030311,0.010221,0.00853,0.013845,0.127566,0
620,20.6667,57.7695,115.9106,0.030244,0.010241,0.00853,0.029081,0.126702,0
621,20.7,58.2372,115.594,0.030647,0.010226,0.00853,0.031094,0.173381,0
622,20.7333,58.0104,115.6788,0.030841,0.010221,0.00853,0.026524,0.385743,0
623,20.7667,58.1842,115.7851,0.030493,0.010182,0.00853,0.024681,0.204558,0
624,20.8,57.8605,115.9214,0.030499,0.010182,0.00853,0.02596,0.182785,0
625,20.8333,58.1837,115.4861,0.031026,0.010286,0.00853,0.02686,0.120359,0
626,20.8667,58.1437,115.6551,0.031239,0.01032,0.00853,0.026228,0.317869,0
627,20.9,57.9432,115.7226,0.031022,0.010286,0.00853,0.027385,0.116525,0
628,20.9333,58.2447,115.7258,0.030988,0.010286,0.00853,0.026523,0.151088,0
629,20.9667,57.8042,115.866,0.030967,0.010296,0.00853,0.03115,0.308458,0
630,21.0,58.2222,115.7671,0.031233,0.010325,0.00853,0.030329,0.235001,0
631,21.0333,58.0424,115.6544,0.031518,0.01032,0.00853,0.025143,0.172564,0
632,21.0667,58.1536,115.6348,0.031573,0.010246,0.00853,0.023098,0.196854,0
633,21.1,58.2286,115.6405,0.031515,0.010236,0.00853,0.019938,0.12862,0
634,21.1333,57.8574,116.0993,0.031375,0.010207,0.00855,0.041172,0.386116,0
635,21.1667,58.3239,115.8907,0.031434,0.010231,0.00855,0.026442,0.108821,0
636,21.2,57.8418,116.0758,0.031584,0.010162,0.00855,0.032765,0.240095,0
637,21.2333,58.3622,115.6483,0.032184,0.010216,0.00855,0.031428,0.26862,0
638,21.2667,58.0975,115.8492,0.031922,0.010167,0.00855,0.025509,0.147684,0
639,21.3,58.0789,115.933,0.032096,0.010256,0.008545,0.026751,0.36634,0
640,21.3333,58.2761,115.9216,0.032152,0.010236,0.00852,0.02574,0.398456,0
641,21.3667,57.8758,116.0282,0.032141,0.010172,0.00852,0.027551,0.150289,0
642,21.4,58.4767,115.7217,0.032329,0.010182,0.00852,0.029761,0.235685,0
643,21.4333,57.9457,115.8841,0.032551,0.010256,0.00852,0.027478,0.130825,0
644,21.4667,58.2492,115.7755,0.032391,0.010266,0.00852,0.028827,0.13098,0
645,21.5,58.0638,115.9518,0.032399,0.010301,0.00852,0.025328,0.135789,0
646,21.5333,57.9589,116.0848,0.032351,0.010296,0.00852,0.02619,0.366233,0
647,21.5667,58.236,115.899,0.032483,0.010261,0.00852,0.027744,0.19536,0
648,21.6,57.936,115.8554,0.033006,0.010281,0.00852,0.032538,0.127785,0
649,21.6333,58.3214,115.7387,0.033314,0.010192,0.00852,0.032305,0.139457,0
650,21.6667,58.0145,115.831,0.033243,0.010231,0.008511,0.024958,0.179747,0
651,21.7,58.1911,115.936,0.033061,0.010266,0.008511,0.023338,0.234689,0
652,21.7333,58.1137,116.0287,0.032926,0.010286,0.008511,0.020104,0.34869,0
653,21.7667,57.9355,116.1212,0.033001,0.010276,0.008511,0.023358,0.263832,0
654,21.8,58.4291,115.6172,0.033548,0.010241,0.008511,0.026899,0.177153,0
655,21.8333,57.9304,115.9996,0.033558,0.010231,0.008511,0.030827,0.221987,0
656,21.8667,58.3308,115.7782,0.033576,0.010276,0.008511,0.031044,0.115773,0
657,21.9,58.0197,116.0068,0.033485,0.010315,0.008511,0.025143,0.432653,0
658,21.9333,58.0606,115.9684,0.033518,0.010172,0.008511,0.028224,0.101939,0
659,21.9667,58.31,115.8632,0.033868,0.010261,0.008511,0.026791,0.209964,0
660,22.0,58.0508,115.7731,0.034294,0.010187,0.008511,0.029286,0.352542,0
661,22.0333,58.4472,115.6944,0.034219,0.010167,0.008511,0.029393,0.155311,0
662,22.0667,58.0076,115.9312,0.034038,0.010162,0.008511,0.026729,0.302281,0
663,22.1,58.2192,115.9334,0.034046,0.010167,0.008511,0.027888,0.324236,0
664,22.1333,58.1611,115.9821,0.034016,0.010167,0.008511,0.024499,0.144039,0
665,22.1667,58.1228,115.8634,0.034375,0.010137,0.008511,0.028076,0.374168,0
666,22.2,58.4532,115.6758,0.034859,0.010187,0.008511,0.028117,0.137829,0
667,22.2333,58.0414,115.8255,0.034322,0.010162,0.008511,0.029742,0.139768,0
668,22.2667,58.2009,115.6406,0.034683,0.010226,0.008511,0.019762,0.265075,0
669,22.3,58.511,115.5975,0.034426,0.010202,0.008511,0.026058,0.238099,0
670,22.3333,57.9535,115.8956,0.034296,0.010202,0.008511,0.026622,0.146132,0
671,22.3667,58.4304,115.8449,0.034239,0.010192,0.008511,0.028136,0.428791,0
672,22.4,57.962,115.9371,0.034154,0.010182,0.008511,0.025312,0.233788,0
673,22.4333,58.3629,115.5717,0.034785,0.010197,0.008511,0.027277,0.100696,0
674,22.4667,58.2734,115.6877,0.034792,0.010202,0.008511,0.023069,0.290005,0
675,22.5,64.5589,128.9743,0.020276,0.007824,0.010486,0.218603,3.305585,0
676,22.5333,64.5599,128.9636,0.020271,0.007824,0.010486,0.00301,0.02487,0
677,22.5667,64.566,128.9483,0.020309,0.007829,0.010427,0.006834,0.045279,0
678,22.6,64.5885,128.9331,0.020345,0.007829,0.010427,0.00492,0.053143,0
679,22.6333,64.5897,128.9298,0.02029,0.007829,0.010431,0.004296,0.022101,0
680,22.6667,64.6413,128.8307,0.020194,0.007829,0.010417,0.00694,0.08572,0
681,22.7,64.6688,128.8216,0.020197,0.007829,0.010422,0.004917,0.096141,0
682,22.7333,64.6753,128.8287,0.020396,0.007854,0.010471,0.009966,0.014445,0
683,22.7667,64.7016,128.7835,0.020293,0.007859,0.010471,0.003806,0.098887,0
684,22.8,64.7166,128.7563,0.020217,0.007859,0.010471,0.004977,0.087603,0
685,22.8333,64.7297,128.7326,0.020215,0.007859,0.010525,0.003688,0.023101,0
686,22.8667,64.7192,128.7329,0.020254,0.007859,0.010525,0.004029,0.078858,0
687,22.9,64.7342,128.6852,0.020343,0.007874,0.010456,0.005368,0.062971,0
688,22.9333,64.7156,128.7473,0.020348,0.007874,0.010441,0.005914,0.012439,0
689,22.9667,64.7086,128.7577,0.020331,0.007874,0.010441,0.004384,0.050232,0
690,23.0,64.7165,128.7202,0.020408,0.007874,0.010461,0.005432,0.083704,0
691,23.0333,64.7095,128.7492,0.020355,0.007874,0.010451,0.0043,0.023145,0
692,23.0667,64.7081,128.7546,0.020314,0.007874,0.010441,0.00436,0.163131,0
693,23.1,64.6994,128.7572,0.020362,0.007874,0.010427,0.00547,0.232123,0
694,23.1333,64.7022,128.768,0.020426,0.007874,0.010436,0.004576,0.020386,0
695,23.1667,64.7099,128.7719,0.020459,0.007874,0.010495,0.004657,0.239808,0
696,23.2,64.7033,128.7953,0.020412,0.007874,0.010495,0.003256,0.079155,0
697,23.2333,64.7017,128.7767,0.020259,0.007874,0.010505,0.006167,0.02427,0
698,23.2667,64.7078,128.7906,0.020448,0.007874,0.01051,0.008851,0.062078,0
699,23.3,64.7036,128.8008,0.020472,0.007874,0.010673,0.003993,0.037645,0
700,23.3333,64.7034,128.8024,0.020429,0.007874,0.010673,0.001613,0.006305,0
701,23.3667,64.7015,128.8276,0.020447,0.007874,0.010678,0.004035,0.050345,0
702,23.4,64.6992,128.8336,0.02042,0.007874,0.010678,0.004459,0.061869,0
703,23.4333,64.7,128.8386,0.020301,0.007874,0.010338,0.004492,0.028843,0
704,23.4667,64.7016,128.8318,0.020472,0.007874,0.010697,0.005267,0.006099,0
705,23.5,64.7038,128.8793,0.020611,0.007859,0.010486,0.004646,0.112132,0
706,23.5333,64.6857,128.8969,0.020559,0.007859,0.010476,0.004126,0.078368,0
707,23.5667,64.6634,128.9629,0.020562,0.007859,0.010486,0.003971,0.08218,0
708,23.6,64.6365,129.0106,0.020557,0.007859,0.010486,0.003812,0.060008,0
709,23.6333,64.63,129.0145,0.020556,0.007859,0.010481,0.003211,0.044996,0
710,23.6667,64.6299,129.0293,0.020483,0.007869,0.010486,0.002962,0.030808,0
711,23.7,64.64,129.0219,0.020444,0.007869,0.010466,0.002384,0.020777,0
712,23.7333,64.6334,129.0418,0.02047,0.007869,0.010431,0.002848,0.012564,0
713,23.7667,64.6362,129.0357,0.020362,0.007869,0.010431,0.00271,0.009251,0
714,23.8,64.6403,129.0685,0.020413,0.007854,0.010584,0.009554,0.009506,0
715,23.8333,64.6439,129.0666,0.020396,0.007849,0.010584,0.002595,0.031165,0
716,23.8667,64.6438,129.0591,0.02037,0.007849,0.010633,0.00295,0.006319,0
717,23.9,64.6484,129.0695,0.020324,0.007849,0.010589,0.004285,0.036128,0
718,23.9333,64.6548,129.0641,0.020344,0.007849,0.010594,0.002411,0.039365,0
719,23.9667,64.6599,129.0568,0.020305,0.007849,0.010589,0.001671,0.010571,0
720,24.0,64.6883,129.0431,0.020483,0.007849,0.01054,0.004885,0.077851,0
721,24.0333,64.7253,128.9998,0.020503,0.007849,0.010535,0.002935,0.072955,0
722,24.0667,64.7332,128.9918,0.0205,0.007849,0.01053,0.001906,0.032737,0
723,24.1,64.7721,128.9441,0.020399,0.007849,0.010535,0.002942,0.079763,0
724,24.1333,64.807,128.8946,0.02055,0.007849,0.010535,0.003904,0.107297,0
725,24.1667,64.8077,128.8989,0.020563,0.007849,0.010535,0.002267,0.029163,0
726,24.2,64.8236,128.8727,0.020508,0.007849,0.010535,0.001573,0.085417,0
727,24.2333,64.826,128.8545,0.020548,0.007849,0.01053,0.002879,0.06628,0
728,24.2667,64.8303,128.8564,0.02055,0.007849,0.01053,0.00091,0.008927,0
729,24.3,64.8331,128.8648,0.020681,0.007849,0.01053,0.002459,0.052534,0
730,24.3333,64.8281,128.8855,0.020674,0.007854,0.010422,0.008209,0.073718,0
731,24.3667,64.8319,128.8879,0.020675,0.007849,0.010372,0.002,0.007865,0
732,24.4,64.8342,128.8881,0.020671,0.007849,0.010372,0.001953,0.080788,0
733,24.4333,64.8345,128.8582,0.020668,0.007775,0.010362,0.004964,0.171678,0
734,24.4667,64.8384,128.8554,0.020574,0.007775,0.010362,0.001354,0.006632,0
735,24.5,64.8379,128.8576,0.020552,0.007775,0.010367,0.005254,0.220935,0
736,24.5333,64.8417,128.841,0.020673,0.007775,0.010367,0.002784,0.226332,0
737,24.5667,64.841,128.8602,0.020649,0.00777,0.010367,0.004191,0.062199,0
738,24.6,64.8439,128.8609,0.02065,0.00777,0.010367,0.000493,0.005899,0
739,24.6333,64.8481,128.8713,0.020658,0.00777,0.010367,0.005661,0.039491,0
740,24.6667,64.8465,128.873,0.020654,0.00777,0.010367,0.001961,0.054251,0
741,24.7,64.8483,128.8714,0.020652,0.00777,0.010367,0.001499,0.002488,0
742,24.7333,64.8456,128.8786,0.020633,0.00777,0.010367,0.003886,0.044942,0
743,24.7667,64.848,128.8802,0.020633,0.00777,0.010367,0.000859,0.003986,0
744,24.8,64.8488,128.9009,0.020621,0.00777,0.010367,0.003725,0.062162,0
745,24.8333,64.843,128.9173,0.020618,0.00777,0.010367,0.002232,0.068974,0
746,24.8667,64.8293,128.9455,0.020548,0.007755,0.010367,0.004508,0.080449,0
747,24.9,64.8295,128.9587,0.020516,0.00775,0.010367,0.00186,0.004205,0
748,24.9333,64.8086,128.9957,0.020493,0.00775,0.010367,0.002198,0.077204,0
749,24.9667,64.8092,128.9939,0.0205,0.00775,0.010367,0.000834,0.021216,0
750,25.0,64.7827,129.0361,0.02042,0.00775,0.010367,0.001752,0.059305,0
751,25.0333,64.7726,129.0543,0.020414,0.00775,0.010367,0.001746,0.041814,0
752,25.0667,64.7765,129.0668,0.020371,0.00775,0.010367,0.003758,0.035806,0
753,25.1,64.778,129.0659,0.020373,0.00775,0.010362,0.000734,0.019701,0
754,25.1333,64.7763,129.0771,0.020347,0.00775,0.010362,0.000872,0.008093,0
755,25.1667,64.7786,129.0763,0.020406,0.00775,0.010362,0.000603,0.003677,0
756,25.2,64.7829,129.0778,0.020357,0.00775,0.010362,0.001168,0.005672,0
757,25.2333,64.7834,129.0781,0.020422,0.00775,0.010362,0.002182,0.005942,0
758,25.2667,64.7859,129.0782,0.020385,0.00775,0.010362,0.001487,0.007436,0
759,25.3,64.7883,129.0779,0.020388,0.00775,0.010362,0.00094,0.003117,0
760,25.3333,64.7921,129.0714,0.020435,0.00775,0.010362,0.001368,0.033846,0
761,25.3667,64.8173,129.0521,0.0204,0.00775,0.010362,0.002274,0.047931,0
762,25.4,64.8194,129.0498,0.020451,0.00775,0.010362,0.000971,0.004497,0
763,25.4333,64.8518,129.0043,0.020471,0.00775,0.010362,0.002816,0.063408,0
764,25.4667,64.8923,128.9513,0.020495,0.00775,0.010362,0.00169,0.076413,0
765,25.5,87.0836,117.4225,0.024974,0.009095,0.010362,0.224475,1.690155,0
766,25.5333,85.4426,117.2925,0.02412,0.009169,0.010116,0.03312,0.157428,0
767,25.5667,85.3394,117.0429,0.023582,0.009179,0.009826,0.040383,0.081101,0
768,25.6,85.0333,116.4714,0.024108,0.009174,0.009313,0.04726,0.251658,0
769,25.6333,84.6565,115.902,0.025207,0.009159,0.00825,0.043942,0.355776,0
770,25.6667,84.3394,115.3212,0.024613,0.009159,0.010121,0.049545,0.413557,0
771,25.7,84.0237,114.892,0.024192,0.009159,0.006083,0.047685,0.475489,0
772,25.7333,83.8117,114.9173,0.02571,0.009159,0.007181,0.049848,0.518538,0
773,25.7667,83.6926,114.5291,0.025451,0.009159,0.00694,0.048413,0.499868,0
774,25.8,83.3953,114.8236,0.026408,0.009164,0.008062,0.050312,0.480618,0
775,25.8333,83.1136,115.3551,0.027478,0.009164,0.00989,0.060789,0.411869,0
776,25.8667,82.9034,115.2124,0.026756,0.009179,0.009112,0.048361,0.337821,0
777,25.9,82.6911,115.3658,0.025562,0.009179,0.005428,0.05323,0.289353,0
778,25.9333,82.4709,115.3827,0.0263,0.009179,0.005895,0.052581,0.235278,0
779,25.9667,82.4383,115.2531,0.024952,0.009179,0.003581,0.053899,0.185429,0
780,26.0,82.4302,115.0486,0.026543,0.009179,0.003783,0.059281,0.126593,0
781,26.0333,82.3591,115.1218,0.026949,0.009179,0.003605,0.049238,0.100951,0
782,26.0667,82.4365,114.6432,0.025643,0.009179,0.003546,0.050325,0.092365,0
783,26.1,82.3229,114.8575,0.026658,0.009179,0.003546,0.050018,0.058667,0
784,26.1333,82.348,114.7485,0.025916,0.009179,0.003546,0.043389,0.041788,0
785,26.1667,82.2949,114.8941,0.026811,0.009179,0.003546,0.044598,0.038538,0
786,26.2,82.3229,114.8133,0.025758,0.009179,0.003546,0.018371,0.029645,0
787,26.2333,82.3176,114.7572,0.026277,0.009179,0.003546,0.022413,0.021819,0
788,26.2667,82.2232,115.1606,0.0262,0.009159,0.003546,0.056984,0.033868,0
789,26.3,82.2385,115.0654,0.026031,0.009159,0.003546,0.025032,0.017713,0
790,26.3333,82.2343,115.1341,0.026243,0.009159,0.003546,0.016024,0.010789,0
791,26.3667,82.2472,115.0887,0.026239,0.009159,0.003546,0.011972,0.017744,0
792,26.4,82.2282,115.1243,0.025865,0.009154,0.003546,0.018021,0.013197,0
793,26.4333,82.2099,115.1234,0.025943,0.009085,0.003546,0.013912,0.021781,0
794,26.4667,82.2228,115.1103,0.025986,0.009085,0.003546,0.004466,0.011828,0
795,26.5,82.2287,115.0951,0.025994,0.009085,0.003546,0.002811,0.007423,0
796,26.5333,82.2084,115.1199,0.025633,0.009075,0.003546,0.005029,0.010588,0
797,26.5667,82.2246,115.1267,0.025779,0.009085,0.003546,0.00746,0.0135,0
798,26.6,82.22,115.087,0.02575,0.00908,0.003546,0.002363,0.008127,0
799,26.6333,82.228,115.0749,0.025758,0.009099,0.003546,0.002603,0.008714,0
800,26.6667,82.2279,115.1358,0.02568,0.009095,0.003546,0.007773,0.010681,0
801,26.7,82.2224,115.0888,0.025382,0.009095,0.003546,0.002841,0.007639,0
802,26.7333,82.2248,115.0895,0.02572,0.009099,0.003546,0.004919,0.008302,0
803,26.7667,82.2279,115.0856,0.025409,0.009114,0.003546,0.010181,0.008979,0
804,26.8,82.2269,115.0855,0.025871,0.009109,0.003546,0.007735,0.012096,0
805,26.8333,82.2189,115.1112,0.02582,0.009109,0.003546,0.003357,0.010155,0
806,26.8667,82.2289,115.0759,0.025331,0.009104,0.003546,0.005302,0.009511,0
807,26.9,82.2291,115.0763,0.025752,0.009109,0.003546,0.004387,0.00863,0
808,26.9333,82.2364,115.0743,0.025799,0.009109,0.003546,0.001689,0.008082,0
809,26.9667,82.2397,115.0769,0.02578,0.009114,0.003546,0.001389,0.007465,0
810,27.0,82.242,115.0628,0.025852,0.009114,0.003546,0.004002,0.008681,0
811,27.0333,82.2451,115.0551,0.025798,0.009114,0.003546,0.001313,0.008313,0
812,27.0667,82.2628,115.0328,0.025844,0.009119,0.003546,0.002723,0.008835,0
813,27.1,82.2503,115.0624,0.025443,0.009119,0.003546,0.002773,0.007901,0
814,27.1333,82.2405,115.0806,0.025442,0.009124,0.003546,0.002332,0.011142,0
815,27.1667,82.2491,115.1138,0.02562,0.009124,0.003546,0.0052,0.013017,0
816,27.2,82.259,115.0768,0.025777,0.009124,0.003546,0.002344,0.010498,0
817,27.2333,82.266,115.0737,0.025776,0.009119,0.003546,0.002633,0.008092,0
818,27.2667,82.2638,115.0803,0.02583,0.009124,0.003546,0.002951,0.007618,0
819,27.3,82.2717,115.063,0.025769,0.009124,0.003546,0.0051,0.007945,0
820,27.3333,82.2629,115.0948,0.02577,0.009119,0.003546,0.005367,0.009556,0
821,27.3667,82.2544,115.1199,0.025712,0.009119,0.003546,0.001458,0.009013,0
822,27.4,82.273,115.0898,0.025841,0.009119,0.003546,0.002795,0.010039,0
823,27.4333,82.2643,115.0797,0.025836,0.009179,0.003546,0.002005,0.009916,0
824,27.4667,82.27,115.0712,0.025818,0.009188,0.003546,0.002626,0.007081,0
825,27.5,82.268,115.0902,0.025841,0.009188,0.003546,0.002483,0.007093,0
826,27.5333,82.2574,115.1098,0.025775,0.009188,0.003546,0.00196,0.011106,0
827,27.5667,82.2743,115.0807,0.025847,0.009183,0.003546,0.002485,0.008413,0
828,27.6,82.2785,115.0749,0.025854,0.009188,0.003546,0.001261,0.006434,0
829,27.6333,82.2653,115.1387,0.025763,0.009188,0.003546,0.001794,0.008865,0
830,27.6667,82.2755,115.0807,0.02582,0.009183,0.003546,0.002007,0.007882,0
831,27.7,82.2765,115.0841,0.025824,0.009183,0.003546,0.000886,0.00603,0
832,27.7333,82.2869,115.0814,0.025875,0.009183,0.003546,0.001651,0.006468,0
833,27.7667,82.2909,115.0817,0.025862,0.009183,0.003546,0.002434,0.006046,0
834,27.8,82.2895,115.0697,0.025818,0.009179,0.003546,0.001267,0.006424,0
835,27.8333,82.2858,115.0888,0.025782,0.009188,0.003546,0.001654,0.007932,0
836,27.8667,82.2956,115.0826,0.025781,0.009179,0.003546,0.003799,0.007934,0
837,27.9,82.2956,115.1012,0.025809,0.009188,0.003546,0.001782,0.006832,0
838,27.9333,82.3075,115.062,0.025873,0.009188,0.003546,0.001715,0.007791,0
839,27.9667,82.3016,115.1026,0.025883,0.009188,0.003546,0.001854,0.006138,0
840,28.0,82.3025,115.098,0.025846,0.009179,0.003546,0.001294,0.006482,0
841,28.0333,82.3071,115.0876,0.025864,0.009179,0.003546,0.001687,0.006488,0
842,28.0667,82.3172,115.0747,0.025885,0.009179,0.003546,0.001074,0.006531,0
843,28.1,82.3102,115.0997,0.025856,0.009179,0.003546,0.00125,0.007039,0
844,28.1333,82.306,115.1263,0.025822,0.009179,0.003546,0.001847,0.008946,0
845,28.1667,82.3205,115.074,0.02589,0.009179,0.003546,0.001658,0.007848,0
846,28.2,82.3152,115.0878,0.025818,0.009179,0.003546,0.001282,0.007524,0
847,28.2333,82.3199,115.0883,0.025862,0.009169,0.003546,0.002116,0.005971,0
848,28.2667,82.3285,115.073,0.025901,0.009169,0.003546,0.001407,0.006564,0
849,28.3,82.3271,115.0886,0.025876,0.009169,0.003546,0.001367,0.005813,0
850,28.3333,82.3231,115.1155,0.025837,0.009169,0.003546,0.002905,0.010788,0
851,28.3667,82.3326,115.0864,0.025907,0.009164,0.003546,0.00157,0.008081,0
852,28.4,82.3207,115.1428,0.025879,0.009164,0.003546,0.004608,0.008772,0
853,28.4333,82.324,115.14,0.025794,0.009159,0.003546,0.005347,0.014504,0
854,28.4667,82.3409,115.0907,0.025953,0.009154,0.003546,0.00158,0.009273,0
855,28.5,82.9199,115.7895,0.026438,0.009164,0.003546,0.041841,0.171482,0
856,28.5333,82.8656,115.2283,0.026994,0.009164,0.00363,0.03639,0.09913,0
857,28.5667,82.8324,114.829,0.027258,0.009164,0.003645,0.039583,0.023043,0
858,28.6,82.7918,114.6441,0.02722,0.009164,0.003625,0.028808,0.040778,0
859,28.6333,82.7524,114.5544,0.027244,0.009164,0.00361,0.022375,0.048557,0
860,28.6667,82.7031,114.4773,0.027141,0.009164,0.00361,0.017574,0.036399,0
861,28.7,82.6925,114.4611,0.02716,0.009164,0.00361,0.0103,0.023097,0
862,28.7333,82.6863,114.467,0.026923,0.009164,0.00361,0.009177,0.017816,0
863,28.7667,82.6863,114.4726,0.026969,0.009164,0.00361,0.007819,0.011804,0
864,28.8,82.6947,114.5487,0.026879,0.009164,0.00361,0.006891,0.012138,0
865,28.8333,82.7459,114.5496,0.02688,0.009164,0.003546,0.008041,0.011955,0
866,28.8667,82.7687,114.5938,0.026906,0.009164,0.003546,0.007041,0.010117,0
867,28.9,82.7737,114.6952,0.026913,0.009169,0.003546,0.012112,0.012715,0
868,28.9333,82.7768,114.7922,0.026978,0.009169,0.003546,0.020368,0.013807,0
869,28.9667,82.7822,114.9198,0.026936,0.009169,0.003546,0.016255,0.012049,0
870,29.0,82.7874,115.034,0.026838,0.009169,0.003546,0.014094,0.010202,0
871,29.0333,82.8156,115.0855,0.026673,0.009169,0.003546,0.019037,0.012307,0
872,29.0667,82.8222,115.1925,0.02662,0.009169,0.003615,0.01028,0.00902,0
873,29.1,82.8132,115.2899,0.026712,0.009169,0.003615,0.012107,0.014571,0
874,29.1333,82.8148,115.4133,0.026715,0.009169,0.003546,0.012938,0.010907,0
875,29.1667,82.825,115.5059,0.02667,0.009169,0.003546,0.009788,0.009053,0
876,29.2,82.8318,115.5924,0.026668,0.009169,0.003595,0.00905,0.008908,0
877,29.2333,82.8421,115.687,0.026605,0.009169,0.003595,0.007885,0.008628,0
878,29.2667,82.8474,115.7611,0.026623,0.009169,0.003546,0.005521,0.009054,0
879,29.3,82.8615,115.8142,0.026616,0.009169,0.003546,0.005847,0.01024,0
880,29.3333,82.8646,115.8719,0.026587,0.009169,0.003546,0.007257,0.010978,0
881,29.3667,82.8778,115.9112,0.026644,0.009169,0.003546,0.00551,0.0088,0
882,29.4,82.8914,115.9577,0.02658,0.009174,0.003546,0.004929,0.015727,0
883,29.4333,82.8863,116.0409,0.026556,0.009174,0.003546,0.006533,0.009457,0
884,29.4667,82.9173,116.0078,0.026644,0.009183,0.003546,0.007955,0.021203,0
885,29.5,84.2604,116.716,0.027145,0.009179,0.003546,0.026947,0.259022,0
886,29.5333,84.5763,116.5418,0.027286,0.009179,0.003546,0.021708,0.082121,0
887,29.5667,84.6859,116.6383,0.027329,0.009179,0.003546,0.016892,0.0174,0
888,29.6,84.7272,116.7274,0.026955,0.009179,0.003546,0.012028,0.04136,0
889,29.6333,84.6456,116.814,0.027202,0.009193,0.003546,0.009006,0.037079,0
890,29.6667,84.6235,116.899,0.02717,0.009188,0.003546,0.005633,0.034167,0
891,29.7,84.6165,116.9317,0.027081,0.009188,0.003546,0.0029,0.02259,0
892,29.7333,84.6156,116.9678,0.027084,0.009188,0.003546,0.003853,0.015032,0
893,29.7667,84.6102,116.9658,0.027,0.009188,0.003546,0.005179,0.014255,0
894,29.8,84.6079,116.971,0.027056,0.009188,0.003546,0.003883,0.009191,0
895,29.8333,84.6325,116.9008,0.027122,0.009188,0.003546,0.009534,0.012433,0
896,29.8667,84.6046,116.9368,0.027094,0.009188,0.003546,0.005882,0.014946,0
897,29.9,84.6147,116.8847,0.026898,0.009188,0.003546,0.00927,0.022313,0
898,29.9333,84.5028,116.874,0.02703,0.009188,0.003546,0.008124,0.022274,0
899,29.9667,84.456,116.8589,0.027083,0.009188,0.003546,0.007651,0.013579,0
900,30.0,84.4273,116.8841,0.026933,0.009188,0.003546,0.009889,0.018155,0
901,30.0333,84.3535,116.8415,0.027046,0.009188,0.00359,0.009001,0.018527,0
902,30.0667,84.3328,116.8176,0.027115,0.009183,0.00359,0.009895,0.013437,0
903,30.1,84.2983,116.8307,0.027163,0.009188,0.00359,0.00606,0.011994,0
904,30.1333,84.2946,116.8123,0.027161,0.009198,0.00359,0.006892,0.009829,0
905,30.1667,84.2726,116.8377,0.02712,0.009198,0.00359,0.00601,0.009644,0
906,30.2,84.2797,116.8197,0.027142,0.009198,0.00359,0.007716,0.009113,0
907,30.2333,84.2656,116.8425,0.02718,0.009198,0.00359,0.004532,0.009398,0
908,30.2667,84.2684,116.842,0.027156,0.009198,0.00359,0.004033,0.006774,0
909,30.3,84.2681,116.8392,0.027166,0.009198,0.00359,0.00515,0.008065,0
910,30.3333,84.2711,116.8339,0.027184,0.009198,0.00359,0.002333,0.00638,0
911,30.3667,84.2871,116.8035,0.027161,0.009198,0.00359,0.004539,0.00971,0
912,30.4,84.2843,116.8024,0.027169,0.009124,0.00359,0.002753,0.011029,0
913,30.4333,84.2974,116.775,0.027185,0.009129,0.003546,0.00339,0.007924,0
914,30.4667,84.2943,116.7968,0.027242,0.009129,0.003546,0.003062,0.00713,0
915,30.5,84.2996,116.8111,0.027225,0.009124,0.003546,0.002862,0.00694,0
916,30.5333,84.3064,116.8067,0.027237,0.009129,0.003546,0.00649,0.008587,0
917,30.5667,84.3108,116.8093,0.027212,0.009129,0.003546,0.001969,0.005687,0
918,30.6,84.3163,116.8153,0.027214,0.009114,0.003546,0.001349,0.006473,0
919,30.6333,84.3254,116.8158,0.027167,0.009134,0.003546,0.002469,0.008562,0
920,30.6667,84.3303,116.8166,0.027231,0.009144,0.003546,0.000818,0.006331,0
921,30.7,84.3335,116.8174,0.027227,0.009144,0.003546,0.001176,0.005667,0
922,30.7333,84.3396,116.8149,0.027253,0.009144,0.003546,0.001586,0.007031,0
923,30.7667,84.3419,116.8154,0.027287,0.009144,0.003546,0.000717,0.003563,0
924,30.8,84.3461,116.818,0.027248,0.009144,0.003546,0.001143,0.006282,0
925,30.8333,84.3514,116.8139,0.027287,0.009144,0.003546,0.001584,0.006409,0
926,30.8667,84.3545,116.8135,0.027396,0.009144,0.003546,0.000468,0.005478,0
927,30.9,84.3578,116.8143,0.027399,0.009149,0.003546,0.000669,0.005823,0
928,30.9333,84.3623,116.8201,0.027409,0.009149,0.003546,0.002512,0.005796,0
929,30.9667,84.3655,116.8213,0.02732,0.009149,0.003546,0.000648,0.0054,0
930,31.0,84.3686,116.8207,0.027313,0.009149,0.003546,0.00093,0.005268,0
931,31.0333,84.371,116.8235,0.027309,0.009139,0.003546,0.001193,0.005164,0
932,31.0667,84.3739,116.8231,0.02737,0.009139,0.003546,0.003367,0.00625,0
933,31.1,84.3764,116.8237,0.027393,0.009149,0.003546,0.001523,0.004583,0
934,31.1333,84.3786,116.8236,0.027393,0.009149,0.003546,0.0007,0.004518,0
935,31.1667,84.3822,116.8227,0.02742,0.009149,0.003546,0.001296,0.005176,0
936,31.2,84.3837,116.8225,0.027425,0.009149,0.003546,0.000767,0.00401,0
937,31.2333,84.3858,116.8246,0.027426,0.009149,0.003546,0.000427,0.004013,0
938,31.2667,84.3874,116.8263,0.027439,0.009149,0.003546,0.001256,0.003691,0
939,31.3,84.3895,116.8267,0.0274,0.009149,0.003546,0.00078,0.003353,0
940,31.3333,84.3873,116.8235,0.027359,0.009144,0.003546,0.005862,0.018533,0
941,31.3667,84.3227,116.5707,0.026567,0.009124,0.003546,0.028983,0.024371,0
942,31.4,84.3196,116.5666,0.026565,0.009139,0.003546,0.002747,0.006232,0
943,31.4333,84.3316,116.5127,0.02658,0.009129,0.003546,0.011972,0.010593,0
944,31.4667,84.3075,116.5394,0.026547,0.009144,0.003546,0.004483,0.008626,0
945,31.5,84.3132,116.5173,0.026501,0.009144,0.003546,0.004032,0.004942,0
946,31.5333,84.3053,116.5273,0.026492,0.009139,0.003546,0.00271,0.005507,0
947,31.5667,84.3017,116.5289,0.026454,0.009104,0.003546,0.007701,0.007733,0
948,31.6,84.2936,116.5126,0.026299,0.009119,0.003546,0.007054,0.009725,0
949,31.6333,84.2917,116.515,0.026355,0.009109,0.003546,0.003125,0.004973,0
950,31.6667,84.292,116.5132,0.026359,0.009109,0.003546,0.001583,0.004042,0
951,31.7,84.2924,116.5108,0.02636,0.009109,0.003546,0.002724,0.003435,0
952,31.7333,84.2922,116.5116,0.02636,0.009109,0.003546,0.000936,0.00295,0
953,31.7667,84.2921,116.5118,0.026359,0.009109,0.003546,0.000391,0.002728,0
954,31.8,84.2922,116.51,0.026363,0.009109,0.003546,0.001864,0.003284,0
955,31.8333,84.2922,116.5099,0.026363,0.009109,0.003546,0.000399,0.001635,0
956,31.8667,84.2922,116.5102,0.026361,0.009109,0.003546,0.000199,0.002616,0
957,31.9,84.2921,116.5111,0.026361,0.009109,0.003546,0.000827,0.002808,0
958,31.9333,84.2921,116.511,0.026361,0.009109,0.003546,0.000172,0.002586,0
959,31.9667,84.3005,116.4929,0.026418,0.009109,0.003546,0.002065,0.0071,0
960,32.0,84.2879,116.5115,0.026496,0.009109,0.003546,0.001986,0.007251,0
961,32.0333,84.2897,116.5066,0.026492,0.009119,0.003546,0.001525,0.003006,0
962,32.0667,84.2882,116.5111,0.026504,0.009119,0.003546,0.001129,0.002087,0
963,32.1,84.2877,116.5104,0.026475,0.009119,0.003546,0.0018,0.003516,0
964,32.1333,84.2832,116.5022,0.026472,0.009129,0.003546,0.006701,0.006392,0
965,32.1667,84.2827,116.5014,0.026471,0.009119,0.003546,0.001338,0.003582,0
966,32.2,84.2826,116.5015,0.02647,0.009119,0.003546,0.000287,0.002749,0
967,32.2333,84.2826,116.5025,0.02647,0.009119,0.003546,0.001539,0.003239,0
968,32.2667,84.2826,116.5026,0.026467,0.009119,0.003546,0.000232,0.001828,0
969,32.3,84.2826,116.5026,0.026467,0.009119,0.003546,0.000127,0.001686,0
970,32.3333,84.2825,116.5013,0.026467,0.009119,0.003546,0.000752,0.002734,0
971,32.3667,84.2825,116.5013,0.026467,0.009119,0.003546,2.9e-05,0.00166,0
972,32.4,84.2825,116.5013,0.026467,0.009119,0.003546,4e-06,0.001673,0
973,32.4333,84.2826,116.501,0.026467,0.009119,0.003546,4.4e-05,0.001761,0
974,32.4667,84.2826,116.501,0.026467,0.009119,0.003546,0.0,0.00166,0
975,32.5,84.2827,116.5003,0.026468,0.009119,0.003546,0.000516,0.00166,0
976,32.5333,84.2826,116.5005,0.026468,0.009119,0.003546,1.1e-05,0.002661,0
977,32.5667,84.2826,116.5005,0.026468,0.009119,0.003546,8e-06,0.00166,0
978,32.6,84.2827,116.5005,0.026468,0.009119,0.003546,1e-05,0.002705,0
979,32.6333,84.2827,116.5006,0.026468,0.009119,0.003546,0.0,0.00166,0
980,32.6667,84.2827,116.5006,0.026468,0.009119,0.003546,0.0,0.00166,0
981,32.7,84.2826,116.5005,0.026468,0.009119,0.003546,5.7e-05,0.002652,0
982,32.7333,84.2826,116.5005,0.026468,0.009119,0.003546,0.0,0.00166,0
983,32.7667,84.2826,116.5005,0.026468,0.009119,0.003546,0.0,0.00166,0
984,32.8,84.2826,116.5005,0.026468,0.009119,0.003546,0.0,0.00166,0
985,32.8333,84.2826,116.5005,0.026468,0.009119,0.003546,0.0,0.00166,0
986,32.8667,84.2826,116.5005,0.026468,0.009119,0.003546,0.0,0.00166,0
987,32.9,84.2826,116.5005,0.026468,0.009119,0.003546,0.0,0.00166,0
988,32.9333,84.2826,116.5005,0.026468,0.009119,0.003546,0.0,0.00166,0
989,32.9667,84.2826,116.5005,0.026468,0.009119,0.003546,0.0,0.00166,0
990,33.0,84.2826,116.5005,0.026468,0.009119,0.003546,0.0,0.00166,0
991,33.0333,84.2826,116.5005,0.026468,0.009119,0.003546,0.0,0.00166,0
992,33.0667,84.2826,116.5005,0.026468,0.009119,0.003546,0.0,0.00166,0
993,33.1,84.2826,116.5005,0.026468,0.009119,0.003546,0.0,0.00166,0
994,33.1333,84.2826,116.5005,0.026468,0.009119,0.003546,0.0,0.00166,0
995,33.1667,84.2826,116.5005,0.026468,0.009119,0.003546,0.0,0.00166,0
996,33.2,84.2826,116.5005,0.026468,0.009119,0.003546,0.0,0.00166,0
997,33.2333,84.2826,116.5005,0.026468,0.009119,0.003546,0.0,0.00166,0
998,33.2667,123.9879,117.6245,0.026069,0.014892,0.024626,0.308937,5.053291,0
999,33.3,125.432,113.1582,0.026068,0.016069,0.021346,0.093452,4.886248,0
1000,33.3333,127.1604,106.2062,0.025992,0.01806,0.019863,0.148258,2.754738,0
1001,33.3667,127.5224,99.6454,0.02907,0.016261,0.029836,0.161327,3.146002,0
1002,33.4,126.1385,97.6634,0.033395,0.025277,0.036865,0.093088,2.204961,0
1003,33.4333,125.8746,92.9382,0.037871,0.020967,0.034865,0.154955,3.373287,0
1004,33.4667,125.6138,93.6086,0.038459,0.025257,0.032082,0.055649,2.567356,0
1005,33.5,125.9795,94.4827,0.037402,0.025376,0.029881,0.096991,3.420191,0
1006,33.5333,125.4962,96.2391,0.040173,0.02629,0.034348,0.104962,2.682561,0
1007,33.5667,126.2821,95.6223,0.041417,0.026858,0.035072,0.040071,1.643096,0
1008,33.6,120.5081,97.9368,0.050898,0.035508,0.036633,0.092143,4.102392,0
1009,33.6333,119.6629,99.561,0.052377,0.035711,0.039283,0.047395,2.69605,0
1010,33.6667,118.0045,102.3569,0.05499,0.036215,0.039273,0.05714,2.911239,0
1011,33.7,117.6531,103.4057,0.055618,0.036279,0.039342,0.038375,1.293638,0
1012,33.7333,116.7795,104.6311,0.058031,0.03668,0.040455,0.025058,0.596602,0
1013,33.7667,116.2872,105.2291,0.059194,0.036314,0.039347,0.028196,0.799276,0
1014,33.8,116.9996,103.4655,0.058387,0.036393,0.040229,0.031013,0.266784,0
1015,33.8333,116.8617,103.6122,0.05884,0.036818,0.040726,0.0191,0.143103,0
1016,33.8667,118.1487,103.4188,0.057228,0.034767,0.04048,0.032514,1.250942,0
1017,33.9,118.0231,103.6953,0.057646,0.034534,0.040529,0.018661,0.089677,0
1018,33.9333,118.1414,103.6216,0.057298,0.034154,0.040519,0.019273,0.121099,0
1019,33.9667,118.5493,103.2374,0.057025,0.034188,0.040544,0.020322,0.168244,0
1020,34.0,118.0759,103.9009,0.051832,0.034282,0.037007,0.123115,1.841715,0
1021,34.0333,117.9804,105.0734,0.049497,0.034322,0.033732,0.101835,2.394538,0
1022,34.0667,117.332,107.0051,0.048491,0.034322,0.033033,0.04532,1.851046,0
1023,34.1,117.309,107.1422,0.048569,0.034287,0.032383,0.016321,0.66946,0
1024,34.1333,117.0707,107.8631,0.048974,0.034223,0.033447,0.02053,1.064573,0
1025,34.1667,117.0967,108.1209,0.048054,0.034327,0.032811,0.024512,0.809791,0
1026,34.2,116.8564,108.7003,0.049168,0.034327,0.032925,0.019501,0.839709,0
1027,34.2333,116.8306,109.0741,0.048347,0.034332,0.031191,0.02062,0.783623,0
1028,34.2667,116.8107,109.121,0.049006,0.034421,0.03189,0.015818,0.265102,0
1029,34.3,116.8013,109.1886,0.049302,0.034436,0.03157,0.013306,0.130771,0
1030,34.3333,116.8014,109.1394,0.047858,0.034342,0.031068,0.01653,0.28378,0
1031,34.3667,116.7902,109.3172,0.047497,0.034272,0.030895,0.023826,0.756345,0
1032,34.4,116.6693,109.4834,0.048217,0.034179,0.03128,0.013823,0.282267,0
1033,34.4333,116.6604,109.5391,0.047043,0.034183,0.030349,0.01892,1.787298,0
1034,34.4667,116.5199,110.0134,0.046068,0.034198,0.029117,0.022287,0.740027,0
1035,34.5,115.3258,112.3768,0.044916,0.034811,0.028502,0.037604,1.557432,0
1036,34.5333,113.9803,114.7186,0.041538,0.036694,0.025522,0.037806,1.57145,0
1037,34.5667,112.8306,117.1099,0.040068,0.038849,0.023749,0.052053,1.935467,0
1038,34.6,112.0006,118.9196,0.038302,0.038232,0.02071,0.033498,1.727658,0
1039,34.6333,111.0332,120.553,0.039211,0.038899,0.019095,0.043787,2.805217,0
1040,34.6667,110.6634,120.9712,0.039824,0.039447,0.017676,0.029324,2.82621,0
1041,34.7,110.6923,120.7197,0.040946,0.03968,0.017711,0.018279,1.381201,0
1042,34.7333,110.59,120.3262,0.041042,0.041158,0.016509,0.032954,2.6602,0
1043,34.7667,110.2316,120.2604,0.042969,0.043337,0.01515,0.041909,4.446481,0
1044,34.8,109.9677,120.4917,0.043453,0.043456,0.015071,0.019962,0.868145,0
1045,34.8333,109.9106,120.3823,0.043582,0.044029,0.014899,0.021531,0.609352,0
1046,34.8667,110.2272,120.5643,0.042983,0.040747,0.014844,0.025452,0.633978,0
1047,34.9,110.3119,120.7123,0.042775,0.039353,0.014879,0.019604,0.268629,0
1048,34.9333,110.3077,120.9163,0.041153,0.036329,0.015421,0.030289,1.277311,0
1049,34.9667,110.1867,121.8174,0.041899,0.036086,0.015972,0.030804,0.980827,0
1050,35.0,110.1228,121.9794,0.041763,0.036299,0.015953,0.014984,0.272565,0
1051,35.0333,110.1273,122.0215,0.040935,0.036156,0.015642,0.013558,0.284697,0
1052,35.0667,110.0927,122.266,0.0412,0.036437,0.015839,0.013942,0.269297,0
1053,35.1,109.9091,122.6816,0.042287,0.036511,0.015943,0.018386,0.484932,0
1054,35.1333,109.9449,122.5968,0.041643,0.036625,0.015908,0.017148,0.10751,0
1055,35.1667,109.7063,123.5012,0.041963,0.036941,0.016273,0.05401,3.817336,0
1056,35.2,109.6125,124.2365,0.039911,0.035177,0.016391,0.038918,4.08877,0
1057,35.2333,109.1593,124.8444,0.040566,0.035113,0.016805,0.015363,0.795466,0
1058,35.2667,108.705,125.4436,0.040661,0.035261,0.017095,0.019687,0.891304,0
1059,35.3,108.6619,125.5083,0.040689,0.035256,0.01709,0.006154,0.064624,0
1060,35.3333,108.6594,125.5314,0.040635,0.035246,0.01709,0.007072,0.034707,0
1061,35.3667,108.8772,124.5999,0.040724,0.037544,0.018154,0.033768,1.70378,0
1062,35.4,107.5698,125.0964,0.039947,0.04263,0.018927,0.054374,1.917713,0
1063,35.4333,107.9691,124.39,0.039993,0.039625,0.019425,0.034441,1.489721,0
1064,35.4667,108.1507,123.7289,0.039491,0.04097,0.019774,0.032327,4.513648,0
1065,35.5,107.952,123.7775,0.040303,0.038928,0.019508,0.028924,4.690047,0
1066,35.5333,108.1803,123.3145,0.040091,0.038652,0.02005,0.025343,0.204848,0
1067,35.5667,108.0505,123.4957,0.040248,0.038711,0.019824,0.023048,4.306908,0
1068,35.6,107.9615,123.58,0.04036,0.040673,0.019789,0.016919,4.47627,0
1069,35.6333,107.8072,124.1898,0.040002,0.041751,0.019765,0.023637,4.943514,0
1070,35.6667,107.1286,124.8278,0.042107,0.046911,0.019159,0.035629,5.061913,0
1071,35.7,107.8209,124.8221,0.040037,0.041429,0.018755,0.039203,4.929535,0
1072,35.7333,108.4477,125.1782,0.04023,0.036828,0.017499,0.04679,5.607382,0
1073,35.7667,108.4343,126.0281,0.039641,0.034668,0.017164,0.030561,4.064026,0
1074,35.8,108.3719,125.6294,0.039752,0.036561,0.017405,0.031619,0.971023,0
1075,35.8333,107.9516,124.5364,0.041236,0.03968,0.018637,0.04046,2.169717,0
1076,35.8667,107.1933,124.3774,0.040954,0.043673,0.019326,0.049217,1.077837,0
1077,35.9,108.1837,123.7385,0.04034,0.039813,0.019218,0.033594,4.964793,0
1078,35.9333,108.5229,123.1175,0.039978,0.040248,0.020346,0.039484,4.623166,0
1079,35.9667,108.5966,122.8335,0.039531,0.038409,0.019568,0.038399,3.728384,0
1080,36.0,108.798,122.6042,0.038122,0.038503,0.020001,0.032483,0.172337,0
1081,36.0333,108.6594,122.8275,0.037627,0.038138,0.019868,0.02033,3.720671,0
1082,36.0667,108.4496,123.24,0.039237,0.040678,0.020232,0.021892,4.798447,0
1083,36.1,108.5176,123.5191,0.038034,0.038978,0.0194,0.031002,4.446476,0
1084,36.1333,108.9481,123.7973,0.038819,0.039922,0.018583,0.052315,4.97174,0
1085,36.1667,109.4546,123.8298,0.039293,0.036778,0.01839,0.040673,5.537833,0
1086,36.2,109.158,125.055,0.039253,0.034638,0.018248,0.037444,5.210544,0
1087,36.2333,109.054,125.409,0.039353,0.034183,0.017849,0.015933,0.236246,0
1088,36.2667,108.9707,125.5632,0.039234,0.034366,0.017923,0.022259,0.196441,0
1089,36.3,108.98,125.552,0.039659,0.034421,0.018287,0.007537,0.060822,0
1090,36.3333,108.9292,125.6423,0.039465,0.034544,0.018189,0.010721,0.032626,0
1091,36.3667,108.9036,125.6696,0.039567,0.034529,0.018223,0.006856,0.021951,0
1092,36.4,108.8834,125.7472,0.039497,0.034673,0.018233,0.006545,0.026352,0
1093,36.4333,108.8465,125.8773,0.038517,0.034693,0.018189,0.008236,0.0551,0
1094,36.4667,108.825,125.9193,0.038381,0.034702,0.018193,0.004466,0.016315,0
1095,36.5,108.8133,125.9782,0.038185,0.034688,0.018174,0.004624,0.018718,0
1096,36.5333,108.8002,126.0087,0.038001,0.034663,0.018302,0.003164,0.033809,0
1097,36.5667,108.7916,126.0601,0.037639,0.034683,0.018287,0.004022,0.018884,0
1098,36.6,108.7833,126.0935,0.037514,0.034663,0.018144,0.002953,0.010719,0
1099,36.6333,108.7791,126.11,0.037523,0.034663,0.018154,0.001985,0.019364,0
1100,36.6667,108.7805,126.0907,0.037509,0.034663,0.018164,0.002858,0.015076,0
1101,36.7,107.9975,126.9837,0.036619,0.039541,0.018415,0.119244,4.087873,0
1102,36.7333,108.1067,128.9535,0.035878,0.038553,0.017996,0.089732,2.841939,0
1103,36.7667,108.0533,129.1653,0.035955,0.03882,0.018095,0.016126,0.135172,0
1104,36.8,108.0336,129.2051,0.035924,0.038864,0.018105,0.006387,0.013443,0
1105,36.8333,108.0059,129.205,0.035888,0.038795,0.018095,0.004924,0.012186,0
1106,36.8667,108.0009,129.2095,0.035754,0.038711,0.018095,0.003427,0.009511,0
1107,36.9,107.9951,129.2348,0.035785,0.038815,0.018105,0.001974,0.010765,0
1108,36.9333,107.9852,129.2706,0.035808,0.03876,0.018105,0.006556,0.011009,0
1109,36.9667,107.9894,129.2916,0.035724,0.03876,0.018105,0.003145,0.005132,0
1110,37.0,108.0515,129.188,0.034915,0.03836,0.017996,0.015811,0.095171,0
1111,37.0333,107.9889,129.1343,0.035815,0.038919,0.018218,0.012373,0.087657,0
1112,37.0667,108.0432,128.8841,0.035149,0.038746,0.018292,0.016936,0.093329,0
1113,37.1,107.968,128.8069,0.035608,0.040041,0.018336,0.015703,0.37247,0
1114,37.1333,108.088,128.5933,0.035667,0.040599,0.01839,0.018213,0.212664,0
1115,37.1667,108.5794,127.5324,0.036211,0.0422,0.017282,0.023446,1.376346,0
1116,37.2,109.4656,125.8024,0.035853,0.042077,0.015864,0.022562,2.117804,0
1117,37.2333,110.829,123.1182,0.035773,0.042991,0.01512,0.030327,3.251389,0
1118,37.2667,111.6912,121.6117,0.034768,0.042339,0.01481,0.019567,1.270111,0
1119,37.3,112.7973,119.6578,0.034232,0.041958,0.014569,0.028195,2.005196,0
1120,37.3333,114.4767,117.7252,0.032922,0.041869,0.014111,0.028754,2.234298,0
1121,37.3667,115.5844,116.2696,0.033148,0.042205,0.01379,0.022954,1.459413,0
1122,37.4,116.6766,114.6014,0.032475,0.041993,0.01379,0.018879,1.394225,0
1123,37.4333,118.0863,112.4381,0.03203,0.039596,0.013785,0.025217,1.914987,0
1124,37.4667,118.9402,110.8371,0.0321,0.04006,0.013785,0.018824,1.165718,0
1125,37.5,119.8316,109.3008,0.031862,0.040164,0.013785,0.017601,4.995498,0
1126,37.5333,119.6783,109.6124,0.031974,0.039902,0.013785,0.012185,4.301781,0
1127,37.5667,118.9587,110.8789,0.032141,0.039942,0.013785,0.015144,4.560008,0
1128,37.6,117.8136,112.9241,0.03203,0.039512,0.013785,0.024724,5.226263,0
1129,37.6333,116.8651,114.5408,0.032762,0.04138,0.013781,0.018623,4.879669,0
1130,37.6667,116.5644,115.0444,0.032732,0.041093,0.013776,0.012029,2.458754,0
1131,37.7,116.5626,115.0492,0.032759,0.041088,0.013781,0.003732,1.268955,0
1132,37.7333,116.5547,115.0237,0.032746,0.041078,0.013781,0.005735,0.46824,0
1133,37.7667,116.1731,115.2577,0.033608,0.04566,0.013781,0.021555,1.033086,0
1134,37.8,116.0259,115.5058,0.03347,0.045448,0.013781,0.010137,1.270382,0
1135,37.8333,115.2949,116.7798,0.033401,0.044533,0.013781,0.017638,2.901157,0
1136,37.8667,114.4226,118.343,0.034199,0.044736,0.013943,0.02018,3.267349,0
1137,37.9,114.316,118.5345,0.034349,0.044741,0.013968,0.009759,1.649821,0
1138,37.9333,114.3029,118.5425,0.034399,0.044939,0.013973,0.008246,0.469163,0
1139,37.9667,114.3087,118.5572,0.034196,0.044904,0.013968,0.007777,1.568894,0
1140,38.0,114.2471,118.6787,0.034143,0.044939,0.013963,0.008308,0.644518,0
1141,38.0333,114.2439,118.6722,0.034136,0.044929,0.013987,0.00669,1.564685,0
1142,38.0667,114.2349,118.684,0.034099,0.044934,0.013963,0.005056,0.571719,0
1143,38.1,114.2338,118.6841,0.034166,0.044934,0.013982,0.003017,0.544976,0
1144,38.1333,114.2465,118.6724,0.034173,0.044929,0.013982,0.002587,0.502159,0
1145,38.1667,114.2281,118.7033,0.034183,0.044909,0.013978,0.0026,1.554488,0
1146,38.2,114.244,118.689,0.034161,0.044924,0.014007,0.002302,0.547217,0
1147,38.2333,114.2219,118.7222,0.0342,0.044944,0.013997,0.003052,1.535377,0
1148,38.2667,114.233,118.7127,0.034135,0.044949,0.014002,0.002036,0.547254,0
1149,38.3,114.2096,118.7476,0.034089,0.044954,0.013997,0.002528,0.545026,0
1150,38.3333,118.6745,118.7255,0.025543,0.036329,0.013987,0.069445,0.770449,0
1151,38.3667,118.6733,118.7318,0.02552,0.036329,0.013982,0.002603,0.545311,0
1152,38.4,118.6708,118.7356,0.025571,0.036329,0.013978,0.002419,0.546345,0
1153,38.4333,118.6699,118.7379,0.02557,0.036329,0.013963,0.001233,0.543895,0
1154,38.4667,118.6658,118.7471,0.025497,0.036329,0.013923,0.002244,0.545918,0
1155,38.5,118.6683,118.7457,0.025485,0.036329,0.013928,0.000949,0.544776,0
1156,38.5333,118.6644,118.751,0.025484,0.036329,0.013928,0.001192,0.543288,0
1157,38.5667,118.6645,118.7545,0.025489,0.036334,0.013933,0.001048,1.553077,0
1158,38.6,118.3103,119.3745,0.025245,0.036294,0.014101,0.014863,2.088422,0
1159,38.6333,117.5722,120.6712,0.025501,0.036294,0.014411,0.015214,2.031266,0
1160,38.6667,116.2381,123.0583,0.025349,0.035819,0.014726,0.023966,1.724246,0
1161,38.7,114.3723,125.3905,0.026415,0.036689,0.014972,0.031642,1.500976,0
1162,38.7333,113.5225,126.4433,0.026781,0.036843,0.015096,0.018915,0.608412,0
1163,38.7667,113.2948,126.3648,0.027181,0.036818,0.01512,0.020346,0.07108,0
1164,38.8,113.2246,126.3535,0.02709,0.036872,0.015105,0.013483,0.019097,0
1165,38.8333,113.2374,126.3241,0.027038,0.036813,0.015115,0.009227,0.01822,0
1166,38.8667,114.2322,124.9298,0.024521,0.028554,0.015036,0.10419,1.599958,0
1167,38.9,113.2467,126.0313,0.02517,0.026181,0.014992,0.106972,4.005435,0
1168,38.9333,112.2869,127.461,0.02746,0.028984,0.015322,0.061786,2.667035,0
1169,38.9667,111.8673,128.2079,0.027961,0.02892,0.015578,0.012513,0.332605,0
1170,39.0,111.7046,128.4859,0.028213,0.028885,0.015613,0.011092,0.093795,0
1171,39.0333,111.6977,128.4674,0.028282,0.028885,0.015613,0.006243,0.028724,0
1172,39.0667,111.6973,128.4592,0.028283,0.028831,0.015613,0.002896,0.017246,0
1173,39.1,111.7007,128.4468,0.028316,0.028821,0.015647,0.004582,0.058639,0
1174,39.1333,111.6975,128.4524,0.028318,0.028771,0.015647,0.00261,0.025629,0
1175,39.1667,111.3693,129.0802,0.027971,0.028855,0.015824,0.016379,0.361633,0
1176,39.2,110.0655,131.421,0.028673,0.028396,0.017179,0.021781,5.611598,0
1177,39.2333,109.3984,132.4256,0.029941,0.028104,0.018169,0.024145,0.927379,0
1178,39.2667,109.0851,132.9361,0.029963,0.028,0.01842,0.012327,0.236687,0
1179,39.3,109.086,132.9363,0.029979,0.02801,0.0184,0.003367,0.019578,0
1180,39.3333,109.0846,132.9642,0.029949,0.02801,0.018415,0.004587,0.017463,0
1181,39.3667,110.2292,130.7756,0.028027,0.030101,0.016942,0.151689,7.380126,0
1182,39.4,109.8539,131.7084,0.029419,0.035612,0.016258,0.102039,3.422939,0
1183,39.4333,110.0464,131.6171,0.028851,0.034623,0.016056,0.017693,0.144259,0
1184,39.4667,109.8296,131.5999,0.029081,0.036072,0.016164,0.018546,0.263469,0
1185,39.5,109.7579,131.4509,0.029307,0.033605,0.016307,0.036093,0.506574,0
1186,39.5333,109.8615,131.2346,0.028424,0.032958,0.016204,0.023485,0.233132,0
1187,39.5667,109.9819,131.0685,0.028581,0.033146,0.016455,0.017713,0.165562,0
1188,39.6,109.8884,131.1214,0.029542,0.032977,0.016568,0.015443,0.393216,0
1189,39.6333,109.8682,130.9623,0.028877,0.032706,0.016795,0.015532,0.374216,0
1190,39.6667,109.745,131.1195,0.02954,0.031925,0.017396,0.01988,1.197862,0
1191,39.7,109.7467,131.1129,0.029543,0.03193,0.017396,0.002012,0.014274,0
1192,39.7333,109.7431,131.123,0.029548,0.03191,0.017396,0.002741,0.018299,0
1193,39.7667,109.7405,131.128,0.029546,0.03191,0.017396,0.002025,0.016744,0
1194,39.8,109.7391,131.1338,0.029549,0.031925,0.017396,0.001293,0.015197,0
1195,39.8333,110.4027,129.5911,0.028394,0.030472,0.019533,0.043957,3.448211,0
1196,39.8667,110.8153,128.351,0.02909,0.033338,0.019691,0.035416,2.389055,0
1197,39.9,111.5057,127.1521,0.02792,0.031312,0.018942,0.026261,0.984645,0
1198,39.9333,112.2398,125.949,0.028096,0.027343,0.019799,0.027757,0.96785,0
1199,39.9667,112.2161,125.7744,0.028147,0.025924,0.019814,0.029544,0.399055,0
1200,40.0,112.3864,125.4004,0.027571,0.02543,0.019193,0.029977,0.300214,0
1201,40.0333,112.1428,125.3404,0.027951,0.025766,0.019218,0.035688,0.188938,0
1202,40.0667,111.9943,125.6104,0.027776,0.027219,0.019563,0.020907,0.337477,0
1203,40.1,111.548,126.405,0.028322,0.030175,0.018898,0.033898,0.821449,0
1204,40.1333,111.0538,127.3236,0.02871,0.03403,0.019262,0.032431,0.822936,0
1205,40.1667,110.6617,128.5315,0.028602,0.031574,0.01842,0.034856,1.985553,0
1206,40.2,109.5737,130.434,0.029027,0.033837,0.017233,0.043975,3.160807,0
1207,40.2333,110.1266,130.7153,0.028223,0.030338,0.016056,0.037167,1.58479,0
1208,40.2667,109.6304,130.0642,0.031172,0.036086,0.01941,0.061988,2.71281,0
1209,40.3,110.6666,128.9733,0.029603,0.031826,0.020006,0.035842,1.973722,0
1210,40.3333,111.2357,127.4641,0.029439,0.032612,0.020356,0.032173,2.26985,0
1211,40.3667,112.0037,126.3716,0.028903,0.02887,0.020725,0.029347,1.0708,0
1212,40.4,112.3395,125.6944,0.029028,0.027298,0.020666,0.027138,0.507666,0
1213,40.4333,112.4638,125.3103,0.029579,0.025494,0.02138,0.033634,0.45403,0
1214,40.4667,112.3668,125.4148,0.029491,0.02545,0.02141,0.022644,0.090154,0
1215,40.5,112.243,125.5975,0.029605,0.025934,0.020794,0.02446,0.26402,0
1216,40.5333,111.8262,126.3904,0.029229,0.028549,0.020779,0.031853,0.653414,0
1217,40.5667,111.4294,126.9952,0.030218,0.031193,0.020449,0.025764,0.66564,0
1218,40.6,110.8277,128.3213,0.030355,0.031129,0.020055,0.032227,1.56006,0
1219,40.6333,110.5937,129.0565,0.030693,0.030096,0.019937,0.033327,1.632268,0
1220,40.6667,109.8253,129.7561,0.031525,0.032592,0.017238,0.051408,3.298449,0
1221,40.7,110.0164,129.6879,0.030653,0.031475,0.017016,0.015178,0.210431,0
1222,40.7333,109.9312,129.6887,0.0319,0.03232,0.017154,0.013135,0.123594,0
1223,40.7667,109.8566,129.7866,0.032216,0.032394,0.017474,0.010213,0.047654,0
1224,40.8,109.7986,129.9136,0.032072,0.032567,0.017474,0.013339,0.041642,0
1225,40.8333,109.7935,129.8977,0.032057,0.032587,0.01746,0.003793,0.012945,0
1226,40.8667,109.7726,129.9086,0.031852,0.032567,0.017494,0.007361,0.016174,0
1227,40.9,109.7489,129.9784,0.03156,0.032543,0.017415,0.006153,0.070049,0
1228,40.9333,109.7587,129.9511,0.03103,0.032557,0.017469,0.005622,0.009915,0
1229,40.9667,109.718,130.0253,0.030856,0.032602,0.017474,0.005405,0.015593,0
1230,41.0,109.6731,130.1869,0.030228,0.032592,0.017401,0.012653,0.01891,0
1231,41.0333,109.6406,130.3172,0.029427,0.032533,0.017445,0.010797,0.017205,0
1232,41.0667,109.6304,130.333,0.029253,0.032533,0.017401,0.005815,0.014639,0
1233,41.1,109.6273,130.3457,0.029265,0.032543,0.01744,0.002823,0.030965,0
1234,41.1333,109.6501,130.3107,0.02908,0.032538,0.017445,0.005998,0.015229,0
1235,41.1667,109.6071,130.4106,0.029113,0.032533,0.017465,0.006063,0.01607,0
1236,41.2,109.5923,130.4647,0.028683,0.032523,0.017371,0.005819,0.032377,0
1237,41.2333,109.5808,130.5004,0.028772,0.032508,0.017396,0.003631,0.081233,0
1238,41.2667,109.5737,130.5135,0.02867,0.032488,0.017396,0.003889,0.038033,0
1239,41.3,109.5587,130.5844,0.028441,0.032483,0.017297,0.007228,0.016432,0
1240,41.3333,109.5589,130.5926,0.02837,0.032468,0.017277,0.002782,0.039966,0
1241,41.3667,109.5542,130.6042,0.028312,0.032468,0.017277,0.002505,0.0199,0
1242,41.4,109.5531,130.6184,0.028239,0.032463,0.017272,0.003293,0.028464,0
1243,41.4333,109.5524,130.6374,0.028149,0.032458,0.017204,0.002736,0.029958,0
1244,41.4667,109.5521,130.6479,0.028129,0.032463,0.017258,0.003626,0.027882,0
1245,41.5,109.5503,130.656,0.028198,0.032468,0.017277,0.003335,0.028688,0
1246,41.5333,109.549,130.6686,0.028219,0.032468,0.017268,0.001397,0.029309,0
1247,41.5667,109.5481,130.6717,0.028232,0.032468,0.017263,0.00129,0.019353,0
1248,41.6,109.5472,130.6821,0.028197,0.032449,0.017263,0.002065,0.02884,0
1249,41.6333,109.5473,130.6842,0.028201,0.032449,0.017263,0.001099,0.026731,0
1250,41.6667,109.5468,130.6861,0.028184,0.032449,0.017253,0.000756,0.026499,0
1251,41.7,109.5446,130.6999,0.028146,0.032454,0.017243,0.002501,0.027724,0
1252,41.7333,109.5443,130.7011,0.028128,0.032454,0.017263,0.000474,0.027153,0
1253,41.7667,109.5483,130.6976,0.028135,0.032454,0.017263,0.000419,0.027185,0
1254,41.8,109.5419,130.7035,0.028115,0.032454,0.017263,0.000482,0.02769,0
1255,41.8333,109.5417,130.7041,0.028115,0.032454,0.017263,0.000619,0.025732,0
1256,41.8667,109.5411,130.7054,0.028089,0.032454,0.017263,0.000786,0.0265,0
1257,41.9,109.5411,130.7059,0.028091,0.032454,0.017263,0.000616,0.025808,0
1258,41.9333,110.0621,130.1199,0.027357,0.028613,0.018139,0.039769,1.520629,0
1259,41.9667,110.2313,129.7479,0.028072,0.027595,0.01812,0.051563,5.072675,0
1260,42.0,110.3011,129.1335,0.028481,0.027427,0.018228,0.027924,1.236307,0
1261,42.0333,110.7043,128.2253,0.028467,0.027407,0.017824,0.024889,0.961122,0
1262,42.0667,110.7824,127.8398,0.029412,0.027372,0.018243,0.020672,0.933673,0
1263,42.1,111.2171,126.877,0.029757,0.027476,0.018711,0.024505,1.770579,0
1264,42.1333,111.3175,126.5758,0.030254,0.027625,0.018602,0.019577,1.228288,0
1265,42.1667,111.5191,126.1243,0.030905,0.027288,0.018814,0.019151,0.709716,0
1266,42.2,111.5162,126.1228,0.030998,0.027753,0.018794,0.002676,0.770884,0
1267,42.2333,111.5199,126.1165,0.030909,0.027313,0.018794,0.002095,0.826917,0
1268,42.2667,111.4408,126.2013,0.031375,0.027817,0.018937,0.013677,1.127557,0
1269,42.3,109.943,128.6355,0.031201,0.027763,0.019725,0.029012,2.962651,0
1270,42.3333,106.509,133.9805,0.035594,0.027714,0.024951,0.086249,5.486667,0
1271,42.3667,106.2698,134.0049,0.034831,0.027748,0.024823,0.032959,1.551576,0
1272,42.4,105.904,134.1571,0.037833,0.028435,0.026497,0.028107,1.830458,0
1273,42.4333,105.9561,134.0084,0.037172,0.028272,0.026039,0.013781,0.199756,0
1274,42.4667,105.8934,133.9964,0.037146,0.027753,0.025709,0.01335,0.400442,0
1275,42.5,105.963,133.7524,0.038078,0.027743,0.025305,0.025244,1.269819,0
1276,42.5333,106.696,132.1877,0.039324,0.025657,0.027359,0.062658,2.772082,0
1277,42.5667,107.0887,131.4219,0.037154,0.026018,0.024867,0.04892,2.427764,0
1278,42.6,107.2856,131.6864,0.038446,0.026804,0.025591,0.064225,2.018338,0
1279,42.6333,107.6587,132.9463,0.036267,0.0259,0.022887,0.058139,1.723069,0
1280,42.6667,107.4559,133.5908,0.036846,0.026171,0.023335,0.022313,1.677162,0
1281,42.7,107.4056,133.6948,0.036749,0.026236,0.024025,0.017635,0.916196,0
1282,42.7333,107.3966,133.7024,0.036797,0.026231,0.02402,0.003883,0.007545,0
1283,42.7667,107.3942,133.7721,0.036802,0.026226,0.02402,0.007694,0.007205,0
1284,42.8,107.5129,133.8043,0.03602,0.025816,0.023099,0.018264,0.646785,0
1285,42.8333,107.1862,133.7305,0.036449,0.028613,0.022651,0.037705,2.283309,0
1286,42.8667,107.3088,133.6546,0.036326,0.028974,0.022823,0.022129,1.125427,0
1287,42.9,107.0985,134.0665,0.037579,0.030649,0.023848,0.024716,0.765173,0
1288,42.9333,107.233,134.0062,0.036354,0.030274,0.023744,0.020171,0.380834,0
1289,42.9667,107.0145,134.3589,0.037618,0.031168,0.024035,0.02299,0.754881,0
1290,43.0,107.0834,134.2568,0.036974,0.031935,0.024104,0.023954,0.117456,0
1291,43.0333,106.8738,134.5415,0.037499,0.032439,0.024345,0.020574,0.387868,0
1292,43.0667,106.9011,134.5845,0.037039,0.032824,0.023902,0.020195,0.385454,0
1293,43.1,106.8013,134.7938,0.037457,0.032587,0.023493,0.015887,0.40482,0
1294,43.1333,106.7999,134.8056,0.037458,0.032592,0.023488,0.002111,0.002509,0
1295,43.1667,106.7843,134.8577,0.037408,0.032681,0.023729,0.005919,0.009453,0
1296,43.2,106.7749,134.8813,0.037427,0.03274,0.023705,0.003937,0.00714,0
1297,43.2333,106.7734,134.9064,0.037458,0.03275,0.023734,0.003852,0.004976,0
1298,43.2667,106.7672,134.921,0.037477,0.032745,0.023596,0.002566,0.006187,0
1299,43.3,106.7617,134.9428,0.037385,0.03278,0.023572,0.006099,0.0037,0
1300,43.3333,107.0332,134.6831,0.036503,0.031332,0.024035,0.02917,0.755365,0
1301,43.3667,107.244,134.0853,0.036064,0.029078,0.023389,0.029284,1.065928,0
1302,43.4,107.3109,134.5353,0.036206,0.028499,0.02404,0.019294,0.742768,0
1303,43.4333,107.453,134.4035,0.035726,0.027313,0.022798,0.019376,1.331831,0
1304,43.4667,107.1687,134.5297,0.03645,0.026152,0.023138,0.039274,1.941089,0
1305,43.5,106.9599,134.1023,0.037094,0.02675,0.023631,0.031712,1.652323,0
1306,43.5333,106.9267,133.4137,0.038509,0.026344,0.025685,0.039182,1.817319,0
1307,43.5667,106.9207,133.4318,0.038434,0.026339,0.02534,0.008423,0.015488,0
1308,43.6,106.9159,133.4433,0.038389,0.026344,0.025512,0.004407,0.013084,0
1309,43.6333,106.9204,133.4381,0.038405,0.026339,0.025576,0.002443,0.009392,0
1310,43.6667,106.9159,133.4438,0.03835,0.026335,0.025596,0.002743,0.007775,0
1311,43.7,106.9138,133.4471,0.038326,0.026335,0.025517,0.003122,0.009125,0
1312,43.7333,106.9074,133.4465,0.038398,0.026354,0.02565,0.003862,0.009671,0
1313,43.7667,106.9083,133.4419,0.038503,0.026344,0.025808,0.003645,0.007385,0
1314,43.8,106.9078,133.451,0.038301,0.026354,0.025438,0.00286,0.012625,0
1315,43.8333,107.037,133.1649,0.038391,0.026162,0.02596,0.015412,0.096014,0
1316,43.8667,107.0362,133.1686,0.038383,0.026152,0.02596,0.001644,0.003142,0
1317,43.9,107.0206,133.2186,0.038101,0.026152,0.025621,0.004918,0.006972,0
1318,43.9333,107.0086,133.2491,0.037938,0.026157,0.025625,0.004519,0.010461,0
1319,43.9667,106.9787,133.3698,0.037402,0.026157,0.025611,0.007862,0.013039,0
1320,44.0,106.937,133.5376,0.037094,0.026157,0.025561,0.009944,0.01273,0
1321,44.0333,106.932,133.5463,0.037121,0.026162,0.025936,0.004346,0.009486,0
1322,44.0667,106.9257,133.5585,0.037221,0.026166,0.025941,0.004569,0.011325,0
1323,44.1,105.1213,137.4898,0.035701,0.026176,0.025941,0.02233,0.064041,0
1324,44.1333,105.1178,137.4947,0.035709,0.026171,0.025941,0.001435,0.005057,0
1325,44.1667,105.1196,137.49,0.035636,0.026171,0.025601,0.003205,0.003853,0
1326,44.2,105.1146,137.4977,0.035696,0.026171,0.025941,0.002595,0.005038,0
1327,44.2333,105.2421,137.2225,0.035309,0.026053,0.026729,0.014151,0.199404,0
1328,44.2667,105.4543,137.1463,0.035728,0.026834,0.02632,0.01478,0.502203,0
1329,44.3,105.479,137.164,0.036517,0.026651,0.026236,0.014314,0.298778,0
1330,44.3333,105.756,136.8133,0.03572,0.026364,0.025921,0.015367,0.353305,0
1331,44.3667,106.7295,135.8227,0.035153,0.025143,0.025291,0.030799,1.278242,0
1332,44.4,106.9392,135.6229,0.035893,0.025479,0.026428,0.019168,0.540094,0
1333,44.4333,106.9333,135.6356,0.035655,0.025494,0.026325,0.004106,0.009775,0
1334,44.4667,106.9332,135.6342,0.035696,0.025494,0.02633,0.002337,0.002233,0
1335,44.5,106.9324,135.6399,0.035705,0.025494,0.02633,0.001709,0.006087,0
1336,44.5333,106.9285,135.6443,0.035712,0.025494,0.026325,0.001402,0.007221,0
1337,44.5667,106.9278,135.6496,0.035705,0.025494,0.026325,0.001402,0.006178,0
1338,44.6,106.9258,135.6535,0.035676,0.025494,0.026325,0.00156,0.002956,0
1339,44.6333,106.9259,135.6534,0.035676,0.025494,0.026325,6e-06,0.002506,0
1340,44.6667,106.9256,135.6537,0.035676,0.025494,0.026325,4e-06,0.002529,0
